customer_id,first_name,last_name,email,phone,city,country,signup_date
1,Angel,Hill,donaldgarcia@example.net,+1-219-560-0133,Robinsonshire,Fiji,2022-04-12
2,Adam,Shaffer,jpeterson@example.org,001-851-316-1559x40781,Mariastad,Morocco,2022-08-14
3,Chad,Stanley,tracie31@example.com,575-425-5341x928,Grayside,Cyprus,2021-05-21
4,Megan,Parsons,lydiatrujillo@example.com,513-695-3767x242,Hurstfurt,Guyana,2022-05-15
5,Whitney,Hicks,camposmichelle@example.org,+1-326-691-6697x8480,Danielchester,Cayman Islands,2021-06-09
6,Stephanie,Liu,teresa28@example.org,+1-948-293-2528x8095,West Natashaport,Dominican Republic,2021-11-27
7,Natalie,Arroyo,dennislisa@example.net,001-822-778-2489x63834,Lammouth,British Indian Ocean Territory (Chagos Archipelago),2021-02-12
8,Caleb,Smith,briannasmith@example.net,+1-403-910-5183x4738,Port Thomas,Ireland,2021-06-30
9,Collin,Jordan,ujenkins@example.org,+1-610-965-1333x87262,Port Sandra,Kenya,2021-05-19
10,Melissa,Garcia,novaksara@example.org,(267)873-6026,Saramouth,France,2022-08-13
11,Susan,Cowan,smoore@example.org,4982050097,Port Jacobland,Peru,2021-11-05
12,Richard,David,bethwilliams@example.org,(799)385-4353x46247,South Christineshire,Bolivia,2022-09-21
13,Jason,Baker,nicole35@example.com,(378)449-8084,Darrellville,Samoa,2021-02-23
14,Joseph,Jacobs,james48@example.com,801-264-0052x427,North Sierraberg,Mayotte,2022-02-08
15,Mike,Tran,tanderson@example.com,4535315869,Port Lisa,Turkmenistan,2021-01-27
16,Harry,Middleton,vpham@example.org,521-260-7337x543,South Mark,Tonga,2021-10-28
17,Kerri,Bell,ifrazier@example.com,8147294019,Samuelhaven,Brazil,2021-02-20
18,Barbara,Scott,zsmith@example.net,+1-835-661-5951x48465,East Robert,Wallis and Futuna,2021-10-08
19,Kaitlin,Thompson,richard04@example.com,969.495.7773,West Zacharymouth,Bermuda,2021-10-04
20,Karen,Chambers,lindsayhernandez@example.org,979.817.6936,East Diana,Albania,2022-08-20
21,Michelle,Mcclure,zrobinson@example.net,870.983.1727x88957,Lake Michelle,Korea,2022-10-13
22,John,Walsh,rsims@example.com,443-545-5812,Bensonborough,Bahrain,2021-07-08
23,Mark,Owens,clarkrobert@example.net,001-509-967-0546x688,West Ryan,Antarctica (the territory South of 60 deg S),2021-10-30
24,Elizabeth,Yates,marycalhoun@example.net,+1-906-499-0162,West Nicholasborough,Korea,2021-10-11
25,Kathleen,Gray,fking@example.com,5802531003,East David,Paraguay,2021-08-27
26,Stacie,Marshall,katie29@example.net,001-512-341-9049x6631,Melissaville,South Africa,2021-03-25
27,Kimberly,Reed,estanley@example.net,+1-650-967-1657x2628,Grahamshire,Ethiopia,2022-12-19
28,John,Michael,nicole37@example.net,+1-665-607-5273x545,New Stacyland,Dominican Republic,2021-08-23
29,Tracy,Chang,fbrewer@example.com,9147363495,Barajasside,Greenland,2022-06-09
30,Shawn,Parker,davidlee@example.org,001-682-533-7498x9413,Harrytown,Russian Federation,2021-09-14
31,Joshua,Mccann,heidi27@example.org,6949777520,Port Cameronfort,Barbados,2022-01-25
32,Glenda,Hernandez,christopher31@example.net,001-269-399-3867x74964,Lake Jason,Panama,2022-02-25
33,John,Arnold,aaronhayes@example.net,340.534.4713x4936,West Margaret,Barbados,2021-03-01
34,Laura,Larson,scott74@example.net,(248)387-7190x6594,Lake Mary,Morocco,2021-02-13
35,Andrew,Hubbard,barbara27@example.net,+1-374-429-6717x5655,Robertfort,France,2022-03-05
36,Richard,Hodges,gibsonleonard@example.com,768-908-7603,Wolfborough,Ethiopia,2022-04-29
37,Sara,Kim,omartinez@example.net,324.980.8613,Lake Marilynfort,Venezuela,2022-02-05
38,William,Hill,pbaird@example.com,+1-826-739-8214,Loriport,Saint Kitts and Nevis,2022-06-07
39,Brenda,Duarte,cgrimes@example.net,855.288.6753x3963,Juliefurt,Hungary,2021-08-06
40,Laura,Pearson,tylerjohnson@example.net,001-851-471-8702,South Kimberlyview,Guadeloupe,2022-12-22
41,Raymond,Miller,melissa86@example.com,+1-978-409-1343x1611,Rebeccaton,Greece,2022-03-31
42,Kelly,Brooks,johnjenkins@example.net,(422)519-6937,Littlemouth,Equatorial Guinea,2022-08-04
43,Rachel,Marshall,erica21@example.com,(894)764-7436x713,Victoriaport,Angola,2022-05-02
44,Dominique,Hill,lozanojulie@example.com,001-739-453-3942x10470,West Markchester,China,2022-12-14
45,Kristin,Walter,alyssa42@example.com,245.617.1236x8516,South Miguelview,Myanmar,2021-05-27
46,Danielle,Watson,thomasharvey@example.net,393-517-4612x00471,South Shawn,Paraguay,2021-10-05
47,Heather,Fernandez,nicolepena@example.com,+1-764-205-3773x515,Hillville,Yemen,2022-11-24
48,Shawn,Bates,williamsmatthew@example.org,001-431-283-9335,Micheleberg,Bulgaria,2022-09-11
49,Lauren,Rodriguez,andersonmichael@example.org,001-350-324-0268,Weststad,Malaysia,2022-01-29
50,Shannon,Walker,acostaregina@example.net,447.300.7661x77115,West Claudia,Myanmar,2022-03-09
51,Mark,Vang,shawn96@example.org,001-318-736-7365x766,Edwardsview,Holy See (Vatican City State),2022-02-04
52,Gloria,Wells,deckerchristopher@example.org,001-252-680-9885x1656,Michaelshire,Madagascar,2022-11-27
53,Diane,Walker,bellangela@example.org,001-649-636-8998x09402,Michaelburgh,Trinidad and Tobago,2021-06-05
54,Diane,Jones,davisalyssa@example.com,(275)325-4599x10229,Scottchester,Libyan Arab Jamahiriya,2021-04-15
55,Robert,Lewis,reeddaniel@example.net,+1-497-684-0369x00343,Marktown,Luxembourg,2022-03-19
56,Gregory,James,vincentwhitaker@example.com,860-860-7159,Robertsfurt,Angola,2022-06-29
57,George,Meza,xcollier@example.org,(313)369-6816x45352,Port Michael,Saint Lucia,2022-12-06
58,Debbie,Hernandez,thomasjames@example.net,(712)777-9979,South Carlos,Kenya,2022-11-30
59,Laura,Vargas,william47@example.com,8059411998,South Reginashire,Pakistan,2022-04-06
60,Cassidy,Mason,hayeslisa@example.com,001-718-720-3778x892,Paulmouth,Philippines,2021-05-18
61,Kristina,Holland,riveraangela@example.com,349-625-1925x4629,Schneidermouth,Suriname,2022-03-12
62,Jacqueline,Valentine,lucasrodney@example.com,4544235733,West Meganville,Madagascar,2021-04-04
63,Mary,Stephenson,stanleynancy@example.net,(296)822-2927,Ericabury,Kenya,2022-07-16
64,Karen,Bowers,amandacollins@example.com,859.477.4688,Port Cassandra,Tunisia,2022-03-22
65,Danielle,Sawyer,dawsonzachary@example.org,812-247-8261x3750,Shawbury,Hungary,2021-07-02
66,Nicholas,Johnson,combsdebra@example.org,(304)272-7790,Jasonberg,Mexico,2022-12-27
67,Chelsea,Henderson,john10@example.org,(897)211-7980x89324,Johnchester,Colombia,2022-11-17
68,Christopher,Villegas,ashleyamy@example.net,+1-706-370-6540,Johnville,Sierra Leone,2022-04-30
69,Katherine,Anderson,amy27@example.net,822.917.0430x3054,Benjaminborough,France,2022-03-01
70,Kimberly,Glenn,joshua56@example.com,001-876-452-7758x4161,Manuelland,Greece,2021-09-18
71,Kirk,Morrison,cjackson@example.com,205.496.4016x582,Johnsonland,Dominica,2022-04-27
72,Michael,Reyes,jacobserika@example.com,(271)492-8565x431,Holmesside,British Indian Ocean Territory (Chagos Archipelago),2022-07-22
73,Jorge,Griffin,heather73@example.org,(617)627-1551,Lake Jenna,Reunion,2021-07-10
74,Laura,Hicks,gallowaylaura@example.org,805.989.5782x9114,Hammondshire,Barbados,2022-04-10
75,Logan,Jones,wfrazier@example.org,001-789-522-6801x82422,Staceyhaven,Ukraine,2021-04-02
76,Christian,Gonzalez,david49@example.net,782-299-2299,North Brandonshire,Estonia,2021-07-27
77,Katie,Butler,jimenezcourtney@example.com,+1-947-536-4710x2767,Catherinemouth,Tokelau,2022-04-20
78,Jessica,Valencia,xanderson@example.net,+1-415-337-1473,West Soniachester,Egypt,2022-06-08
79,Rachel,Li,james27@example.net,774.270.1687x339,West Troyfort,France,2022-12-03
80,Melanie,Jordan,jessica65@example.org,(609)383-5841x6878,North Phillip,South Africa,2022-01-27
81,Angela,Diaz,jameshicks@example.net,4007257872,Franciscoport,Nauru,2022-12-21
82,Maria,Patel,thomas05@example.com,+1-916-494-0974x99309,Hernandezbury,Antigua and Barbuda,2021-09-03
83,Jackie,Lee,jedwards@example.com,001-936-889-7028x385,Suemouth,United States Minor Outlying Islands,2022-02-22
84,Amy,Lowe,chelsea33@example.com,+1-743-644-3757,Davidside,Hong Kong,2022-01-24
85,Ralph,Reed,kellyroberts@example.net,657-447-3384,New Joycebury,Ecuador,2022-10-16
86,Rebecca,Perez,briangutierrez@example.net,212.308.2677x3454,New Joanne,Thailand,2021-02-07
87,Robin,Thompson,sarahjohnson@example.com,924.400.4991x5478,Nelsonville,Greenland,2022-11-14
88,Stephen,Scott,alexisrogers@example.com,001-832-396-6851,East Thomas,Vietnam,2021-04-29
89,Jose,Young,stephanie49@example.net,001-404-853-0174,Hannahport,Heard Island and McDonald Islands,2021-06-30
90,Jeffrey,Anderson,spencerzhang@example.com,(387)283-3918x78519,New Amanda,Chad,2022-03-25
91,Abigail,Wilson,jenniferburns@example.net,207.828.6790x874,Lisaborough,Mozambique,2021-08-28
92,Rodney,Graves,michaelcesar@example.com,8468226567,Lake Tamaraside,Burkina Faso,2021-02-23
93,Michael,White,urice@example.org,5049786863,Ericborough,Vietnam,2022-04-22
94,Kathy,Johnson,bmendez@example.org,211.890.7903,Youngborough,Saudi Arabia,2022-10-01
95,Brian,Gordon,jim95@example.net,+1-453-842-8364x408,Williamsstad,Western Sahara,2022-09-22
96,Patrick,Warren,trussell@example.com,(887)833-4270,South John,Costa Rica,2022-04-14
97,Christian,Cole,christopher30@example.com,(299)501-3983x7354,Lake David,Saudi Arabia,2021-08-29
98,John,Munoz,randyallen@example.com,001-746-578-5445x87717,Lawrenceton,Mongolia,2021-12-16
99,Joyce,Smith,mphillips@example.com,969.937.8547,Lake Laura,Chile,2022-09-22
100,Amy,White,warrenmary@example.org,+1-900-962-3120x38750,North Amandachester,American Samoa,2021-04-13
101,Jennifer,Nichols,andre62@example.org,682-833-9845,West Susanmouth,Mongolia,2021-01-13
102,Heidi,Evans,valdezmichele@example.org,366-968-7002,Newmanmouth,Mongolia,2021-06-27
103,Terri,Jacobson,hallrachel@example.net,001-474-701-4890,East Brendafurt,Vanuatu,2022-12-14
104,Francisco,Allen,irhodes@example.com,(821)785-0163x1599,Lake Joshuamouth,Liechtenstein,2021-02-26
105,Angela,Bennett,eringuerrero@example.org,001-394-231-1426x26551,Seanview,Bosnia and Herzegovina,2021-06-16
106,Jacob,Cole,fgarcia@example.com,+1-819-395-6046,New Adriana,Poland,2021-04-07
107,Dominic,Turner,kthomas@example.com,964-371-5437x993,West Adam,Indonesia,2021-10-05
108,Christine,Brock,scott69@example.org,759-837-5265x4793,Lisafurt,Haiti,2021-08-31
109,Anne,Vargas,erinpierce@example.net,837.841.6724x342,South Vickifort,Myanmar,2021-03-25
110,William,Knapp,ystephens@example.com,001-789-811-3529x096,North Coreybury,Malawi,2021-10-20
111,Angela,Watts,seanmyers@example.net,001-382-350-7146,West Larry,Korea,2022-06-29
112,Adriana,Bailey,kimheather@example.com,440-410-5123,Anitamouth,Djibouti,2022-07-26
113,Crystal,Lopez,vfoster@example.net,379.366.0334,West Mark,Kuwait,2022-08-05
114,Emily,Burns,candice96@example.net,355-479-2499,Davidport,Brazil,2021-03-25
115,Heather,Dixon,kcarlson@example.com,(227)782-8274x22579,South Derrickfurt,Monaco,2021-05-14
116,Troy,Cohen,cmckinney@example.com,(619)403-4043,Cunninghamfort,Mexico,2022-01-04
117,Ashley,Adams,amber07@example.net,361.934.0745,Port Lisaborough,Sudan,2022-01-08
118,Hannah,Callahan,imartin@example.org,709.658.4982,Ashleyhaven,United Arab Emirates,2022-06-22
119,Cody,Estes,rsellers@example.net,(623)825-3672,Hayesland,Iraq,2022-05-11
120,Joshua,Mayer,shawn75@example.net,5179518636,Marcusport,Guadeloupe,2022-01-11
121,David,Phelps,patricia00@example.org,+1-670-312-7706x3242,Johnstad,Papua New Guinea,2022-02-03
122,Gabriel,Sanders,jessica36@example.net,910-237-1293,Lake Matthewville,Tokelau,2022-10-21
123,David,Jones,zdavis@example.org,255-442-6221,Bellborough,Niue,2021-11-04
124,Samantha,Jensen,fheath@example.org,(619)365-6523,New Carolyn,Saint Helena,2022-06-30
125,Kimberly,Vaughn,jamie98@example.org,001-264-703-7613x7918,Davidshire,Italy,2022-03-19
126,Felicia,Farmer,smithcarlos@example.com,800.368.4866,West Christopher,Belgium,2021-09-24
127,James,Morton,peter14@example.net,(230)431-6179x90421,East Tylerstad,Mali,2022-01-08
128,Lynn,Green,david41@example.org,464-781-4917x78507,West Kerri,Uganda,2022-01-13
129,Jennifer,Perez,williamsmichelle@example.org,5757622086,South Ruth,Ghana,2022-02-23
130,Christian,Watson,whitelinda@example.org,(617)544-5187x0534,Richardsonfort,Sierra Leone,2021-07-17
131,Jessica,Payne,edwardrandolph@example.org,585.505.0641,Vasquezton,Cambodia,2022-07-20
132,Christopher,Morse,xhaynes@example.com,001-519-618-2619x9062,Melissafurt,Reunion,2022-06-03
133,Mark,Chavez,charlesharris@example.net,721-527-7561,Parkerview,Timor-Leste,2022-08-30
134,Eric,Parks,lewismelissa@example.org,235-868-0442,Hawkinsside,Egypt,2021-03-29
135,Curtis,Leon,smithmaria@example.org,(236)351-9941,Lake Scott,Brunei Darussalam,2021-03-11
136,Melanie,Lamb,williamssteven@example.org,001-566-470-6625,Joshuaberg,Antigua and Barbuda,2021-03-09
137,Christina,Holland,jjenkins@example.com,2148626383,Timothyfort,Guatemala,2022-03-24
138,Wayne,Price,anthonyharper@example.org,001-240-578-5932x13348,Kellyburgh,Christmas Island,2022-10-28
139,Louis,Rojas,robin05@example.net,001-229-337-8427,East Carolyntown,Malta,2021-06-22
140,Martin,Mendez,matthewthompson@example.com,7028921851,West Kevinberg,Cayman Islands,2021-12-15
141,Samuel,Fowler,lbanks@example.net,+1-495-439-2644,Lake Stacyfurt,Thailand,2022-06-18
142,Tammy,Johnson,samantha93@example.net,001-417-325-1355,Seanview,Cote d'Ivoire,2022-12-26
143,Carlos,Scott,lebrandon@example.com,001-462-967-6586x1793,Port Meganport,Angola,2021-07-01
144,Stephanie,Jones,pamelamartin@example.org,+1-815-499-7062,North Markborough,Ireland,2021-08-21
145,Jennifer,Blair,donna43@example.org,8693872050,Madisonfort,Cook Islands,2022-05-24
146,Jamie,Little,wellsdarrell@example.com,674.918.6256x5270,Bakerview,Mongolia,2021-03-12
147,Karen,Contreras,barnettlindsey@example.com,001-393-880-6868x79374,New Ashleyhaven,South Georgia and the South Sandwich Islands,2021-02-14
148,Tonya,Hernandez,kthompson@example.org,620.761.6329,North Paulfurt,Micronesia,2022-02-21
149,Joshua,Ellis,buchanancindy@example.net,(716)822-9991x19148,Patrickfort,Montserrat,2021-08-26
150,Benjamin,Hill,christinebecker@example.com,7656307450,Juanfort,Togo,2022-03-20
151,Corey,Melton,kevinmanning@example.com,469-313-7367x850,Jennafurt,Burkina Faso,2022-05-23
152,Alice,Carroll,jameswhitaker@example.org,807.305.3457,East Nathanmouth,Christmas Island,2022-07-23
153,Thomas,Arnold,frank41@example.com,6608293333,Port Kimberlytown,Lebanon,2022-12-02
154,Deborah,Burke,walkercharlene@example.com,001-846-365-7437x489,New Yvonnestad,Monaco,2022-10-27
155,Chelsea,Evans,olsonmatthew@example.com,+1-454-244-3283x0965,Brightview,United States of America,2022-04-17
156,Paul,Johnson,matthewreeves@example.net,+1-375-984-2824,Lake Jonathan,Sri Lanka,2021-11-02
157,Rita,Arroyo,destiny35@example.org,001-346-955-4947x1709,New David,Pitcairn Islands,2022-02-12
158,Kenneth,Brown,derrickgonzalez@example.com,001-772-252-1752,South Joshuaburgh,Morocco,2021-10-06
159,Tracy,Gallagher,andersonryan@example.com,(267)260-0835x0583,East Heather,Guatemala,2022-07-12
160,Curtis,Gordon,gary04@example.com,889.285.6257x532,East Jessica,Bulgaria,2021-08-16
161,Andrew,Wagner,richardsondebra@example.org,(848)390-9010x0167,Thomasberg,Costa Rica,2021-06-03
162,Crystal,Turner,batesjoseph@example.net,001-526-618-9141x173,West Jade,French Polynesia,2022-05-22
163,Amy,Lozano,arivera@example.org,+1-611-997-2181x14374,North Lisaton,Timor-Leste,2021-04-27
164,Laurie,Edwards,daviskatherine@example.org,7227557941,North Richard,Korea,2021-07-31
165,Paul,Jefferson,zbanks@example.org,920-421-6979,Maxwelltown,Tokelau,2021-07-18
166,Mary,Mcpherson,timothyfreeman@example.com,301.845.0899x358,South Michael,Philippines,2022-05-14
167,Edgar,Serrano,smithsarah@example.net,872.817.5354x0838,North Stephen,Spain,2022-04-13
168,Christopher,Jimenez,david70@example.org,(960)788-0199x4883,Marciabury,Tanzania,2022-02-22
169,Ann,Harvey,xmoran@example.net,211.430.5548x851,Taylorchester,Botswana,2021-11-28
170,James,Martinez,ylewis@example.org,001-951-260-9177x982,New Savannahshire,Liberia,2021-07-05
171,Kimberly,Kent,jessicaanderson@example.com,+1-499-458-6693x46547,Morrisonhaven,French Southern Territories,2022-11-05
172,Amy,Edwards,jamesweber@example.com,+1-652-828-8515x87996,New Danielfurt,Cameroon,2022-09-07
173,Brian,Adams,tonyavega@example.org,5438805719,New Kristen,South Georgia and the South Sandwich Islands,2021-02-08
174,Heather,Williams,yhughes@example.net,580-604-3973x59893,Thompsonland,Colombia,2022-05-23
175,Jill,Wilson,pattersonangela@example.org,(794)205-7202,Tracyshire,Mexico,2022-12-03
176,Kristen,Stewart,susanmeyer@example.net,(768)786-1533,Kellyhaven,Lebanon,2021-09-19
177,Madison,Zavala,wilsonmichael@example.org,+1-799-930-5616x4840,Williamsborough,Gibraltar,2022-12-28
178,Stacy,Jackson,simsjason@example.net,001-336-213-8612x07501,Port Johnathan,Barbados,2022-01-10
179,Jeremy,Green,zhayes@example.com,606-618-0919x01581,West Kathymouth,Hong Kong,2022-02-24
180,Donna,Wells,derekmyers@example.net,824-350-8821x0099,Jasonstad,Croatia,2021-10-16
181,Debbie,Hunt,jackjensen@example.com,612.390.8781,Coreyshire,Libyan Arab Jamahiriya,2021-10-28
182,Michael,Lambert,craigharvey@example.org,277-759-4929x95562,Port Jeffrey,Saint Vincent and the Grenadines,2022-11-25
183,Joshua,Ward,natalie77@example.com,001-347-281-2914x28341,Port Bonniefurt,Seychelles,2022-04-13
184,Rebecca,Arnold,jvaldez@example.com,(539)442-7881x6580,South Erik,Mongolia,2022-03-07
185,Donna,Faulkner,ccrosby@example.org,001-273-214-5303x85677,Dakotahaven,North Macedonia,2022-11-23
186,Mary,Baker,nicholasgray@example.net,+1-218-446-3865x5779,Martinland,Malaysia,2022-08-28
187,Jason,Lopez,carolyn13@example.com,417-477-3926x03029,New Dylanburgh,Eritrea,2022-04-15
188,Zachary,Sullivan,johnsjessica@example.com,437-497-7236,Garymouth,Uzbekistan,2022-11-04
189,Brittany,Hall,banderson@example.org,386.929.1279x90881,New Amber,Afghanistan,2021-11-27
190,Kimberly,Banks,cwood@example.net,363.676.5991x62473,Scotttown,Russian Federation,2022-10-16
191,Adrian,Mills,brooksjamie@example.com,(851)526-9448x69594,Arnoldside,Liberia,2022-06-27
192,Angie,Webb,becky62@example.net,237-421-3865,Oconnelltown,Spain,2021-05-11
193,Dustin,Frost,qdavis@example.org,(919)906-6984x902,East Melissahaven,France,2021-03-08
194,Kristen,Dixon,christinacraig@example.com,502.214.6566,North Andreaside,United States Virgin Islands,2021-05-22
195,Michael,Ochoa,catherinelee@example.com,001-604-726-8181,Port Williamview,Turkey,2022-03-01
196,Laura,Wright,kchurch@example.com,001-735-877-9071x41633,Zacharytown,Reunion,2022-01-28
197,John,Davis,charles27@example.com,(539)542-3733x343,Port Christine,Cape Verde,2022-08-30
198,David,Miller,waustin@example.net,4756957947,Walkershire,Brunei Darussalam,2022-07-22
199,Lauren,Mendoza,shawphillip@example.net,001-727-618-7500x36915,New Jose,Ethiopia,2021-02-09
200,Christie,Diaz,acoleman@example.net,001-855-864-7292x93143,East Lauren,Saint Vincent and the Grenadines,2021-12-10
201,Linda,Thompson,otaylor@example.net,+1-357-444-8906,East Lisafort,Taiwan,2021-04-20
202,Shannon,Cook,michael84@example.com,4616593998,Markhaven,Libyan Arab Jamahiriya,2022-04-05
203,Sergio,Miller,steven22@example.net,869-696-1125x35544,Normanstad,San Marino,2022-07-19
204,Tammy,Gutierrez,melissamartinez@example.org,+1-341-332-6111x78006,Christineland,Palau,2022-03-04
205,Peter,Perez,scott22@example.net,(900)455-7784,New Carla,Norfolk Island,2022-11-11
206,Natalie,Graham,regina78@example.org,274-456-4240,Justinside,Algeria,2022-06-30
207,Travis,Campos,albert64@example.net,508.453.6866,Claytonbury,Estonia,2022-05-17
208,Colleen,Black,justin84@example.com,612.924.1797,West Andrew,Australia,2021-02-27
209,Andrew,Compton,joseph70@example.org,720-973-5647,West Christopherberg,Azerbaijan,2022-12-08
210,Philip,Daniels,jamesskinner@example.com,3135673037,Priceport,Vietnam,2021-07-14
211,Crystal,Williams,kingdanielle@example.org,(803)513-6502x491,North Biancafort,Portugal,2021-08-24
212,Nathan,Davis,vincentparks@example.com,001-500-252-8127x35857,Howardberg,El Salvador,2022-03-11
213,Todd,Kim,amy73@example.net,(385)457-4982,Phillipsview,Mauritius,2022-10-18
214,Aaron,Little,bgross@example.net,(693)751-8638x782,Davidsonville,Bhutan,2021-09-25
215,Carl,Conley,gregoryjohnson@example.org,531.309.6789x9405,East Dianaland,Lao People's Democratic Republic,2022-01-17
216,Bruce,Grant,yshort@example.net,3943801413,New Paul,Congo,2022-08-07
217,John,Garrett,angelagrant@example.net,895-776-1228,New Yesenia,Kenya,2022-01-19
218,Rachel,Pierce,megan66@example.net,293-698-3684x57760,New Derekport,Albania,2022-11-12
219,Jeffrey,Foley,ingramsherry@example.com,+1-788-499-2107,West Michael,Myanmar,2021-08-07
220,Jonathan,Evans,ncarroll@example.net,257-827-9194,Port Brianmouth,Guernsey,2021-07-02
221,Ryan,Conrad,kanejeremy@example.net,+1-506-404-8058x925,Lake Jessicafurt,Kiribati,2022-10-04
222,Barbara,Davis,zroberts@example.org,(351)879-0864,Ayalaberg,Serbia,2022-07-03
223,Anita,Freeman,annshea@example.net,831.846.5911,Michaelmouth,Guatemala,2021-04-09
224,Andrew,Torres,christina79@example.org,603.235.2110x392,Heatherville,Gambia,2022-03-09
225,Andrew,Clark,jamesmills@example.com,+1-679-420-6980,West Jamesview,Austria,2021-11-25
226,Sierra,Jones,elizabeth51@example.org,963-268-1579x8123,East Sandraport,Grenada,2021-12-05
227,Julie,Smith,michael43@example.net,304-860-8432x562,South John,Cape Verde,2021-12-24
228,Larry,Jacobs,ndaniels@example.net,(498)432-4826,Carlosside,Yemen,2021-11-07
229,Jack,Franco,jessicacannon@example.com,(547)542-3122x09949,Lake Anthony,Belgium,2022-06-09
230,Thomas,Shaw,xjoseph@example.org,(577)522-3306x0463,East Saramouth,Tonga,2022-05-17
231,Hailey,Delacruz,ronaldparsons@example.net,001-965-269-9988x0817,New Amanda,Saint Pierre and Miquelon,2022-03-26
232,Paul,Hubbard,leescott@example.com,001-347-426-4908x27718,South Robert,Korea,2021-01-29
233,Shawn,Mosley,nicoledavis@example.com,001-421-811-7518x689,Williamsburgh,United States Minor Outlying Islands,2021-01-19
234,Monica,Huffman,mistywhite@example.net,5642474212,Alexanderfort,Timor-Leste,2021-09-02
235,Lindsey,Franklin,lyoung@example.net,576.271.9903x8498,East Brian,Guernsey,2021-12-30
236,Melissa,Estrada,mark10@example.org,(622)749-9982x79501,Priscillaland,Senegal,2021-01-27
237,Andrea,Carter,davidvillarreal@example.com,868.733.9019x81794,Aliciastad,Vanuatu,2021-11-08
238,Anna,Stone,lvasquez@example.net,843.801.0713,West Michaelborough,Algeria,2021-04-05
239,Hannah,King,parkerwilliam@example.com,001-901-255-6990x23557,South Eric,Kuwait,2022-04-13
240,Amanda,Rogers,dreilly@example.net,295-788-0395x5124,Simsburgh,Montserrat,2022-10-13
241,Jacob,Wilson,janet50@example.com,(517)335-7438x42150,Hunterfort,United Kingdom,2022-03-18
242,James,Mclean,kimberly21@example.net,+1-923-207-6810x40915,New Katieport,Angola,2021-12-31
243,Larry,Mcclain,james44@example.net,771-742-2410x98813,Donaldport,Montserrat,2022-02-26
244,Charles,Austin,amber02@example.org,701.660.1662x9979,Lisaside,Belgium,2021-06-28
245,Katelyn,Owens,christopherlang@example.net,817.447.7332x945,Kristinamouth,Korea,2022-12-11
246,Cameron,Rodriguez,kmurray@example.com,001-959-892-8161x58148,Allenbury,Mexico,2021-12-22
247,Timothy,Jones,lisagarza@example.com,001-958-732-1971,Port Seanport,Zimbabwe,2021-04-26
248,Carmen,Jennings,pmurphy@example.net,6138290227,Gonzalezmouth,French Southern Territories,2021-10-23
249,Robin,Torres,wrobbins@example.org,001-209-286-2405,Danielport,Tonga,2022-02-20
250,Ryan,Lawrence,jennifer66@example.com,+1-832-472-3865,Whitneyberg,Burkina Faso,2021-01-23
251,Deborah,Thomas,ibarrett@example.org,(867)996-9278,Kellyburgh,Jamaica,2021-01-09
252,Becky,Bradford,jenniferadams@example.net,001-950-309-7519,Lake Jessica,Togo,2022-03-17
253,Kimberly,Marshall,millschelsea@example.org,918.794.9058x0778,Gomezport,French Guiana,2022-12-19
254,Heather,Harper,jessica94@example.org,+1-379-629-0490x4712,Davidview,Falkland Islands (Malvinas),2021-05-03
255,Alexis,Rodriguez,reneestevenson@example.net,452.943.7280x512,Townsendbury,Panama,2022-09-18
256,Dana,Clark,brian41@example.org,(876)974-7836,Dustinchester,American Samoa,2021-11-17
257,Laura,Reyes,suzanne01@example.net,+1-556-594-5441x4967,Ericaburgh,Germany,2021-07-30
258,Emily,Decker,jenkinsalicia@example.net,553.344.3009x109,North Melissaberg,Honduras,2022-02-04
259,Rachel,Knight,pauladominguez@example.com,871-774-6542x1406,West Stephanieview,Christmas Island,2022-04-24
260,Travis,Mcfarland,fwhite@example.org,(286)339-1741,New Jessicamouth,Andorra,2021-11-18
261,Eduardo,Bowman,ortegajoseph@example.net,969-308-7766x18306,Mathewport,Iran,2022-10-16
262,Wendy,Holland,amanda51@example.com,001-943-528-0634x61571,North James,Saint Helena,2021-02-10
263,John,Price,victor70@example.org,205-406-1387x82931,Valdezfort,United States of America,2022-12-28
264,Brandon,Haynes,alexischen@example.com,579-329-1117,South Matthew,Syrian Arab Republic,2022-11-01
265,Erika,Nguyen,marcoconnell@example.org,001-909-525-1142x62582,East Craigfurt,Slovakia (Slovak Republic),2022-12-18
266,Nichole,Miller,whitechristopher@example.net,001-946-872-3248,East Cheryl,Argentina,2021-04-26
267,Jennifer,Salazar,burtonkimberly@example.com,(508)633-1819x58837,East Danielberg,Poland,2022-03-11
268,Rhonda,Jimenez,elizabethwilliams@example.net,(443)464-5970x108,South Zacharyland,Ukraine,2022-09-08
269,Sean,Riley,rgonzalez@example.com,515.331.3636,Richardston,Tuvalu,2021-06-21
270,Javier,Lynch,paultaylor@example.net,654.435.2090,Port Stevenchester,Chile,2021-11-14
271,Jeffrey,Phillips,kristinelittle@example.net,(998)931-6873,Alexischester,Saint Pierre and Miquelon,2022-07-09
272,John,Hamilton,patriciavargas@example.org,001-806-900-7806,South Tylerland,Moldova,2022-09-29
273,Heather,Russell,davidphillips@example.net,907-942-7990,Port Jacqueline,Colombia,2022-07-03
274,Mitchell,Marshall,daltonchad@example.net,780-246-4989x31950,South Michaelton,Haiti,2022-07-30
275,Deborah,Bush,devonrogers@example.net,879-633-5548,North Nathanmouth,Libyan Arab Jamahiriya,2021-09-25
276,Maria,Harrison,shannon51@example.org,911.462.4112x412,New Stephanie,Angola,2022-01-01
277,Tara,Weaver,thomasfisher@example.net,+1-904-931-0385x6955,Torresberg,Ukraine,2021-08-02
278,George,Green,swatson@example.org,(454)472-9284,East John,Armenia,2022-07-30
279,Autumn,Alexander,jack80@example.net,952-757-8284x10672,North Tara,Mayotte,2022-12-26
280,Mark,Thornton,wkemp@example.net,+1-529-975-1702x81406,Christopherton,New Caledonia,2022-12-13
281,Brandy,Walker,james18@example.com,+1-818-763-7599x80562,Watsonport,Guatemala,2022-04-13
282,Tiffany,Sawyer,lewispamela@example.net,(774)326-6299x12347,Davischester,Northern Mariana Islands,2021-09-14
283,Robert,Peters,jamescollier@example.com,+1-570-249-4787,East Josefort,British Virgin Islands,2022-10-29
284,Patricia,Butler,pknox@example.org,8146719597,Mccannville,Holy See (Vatican City State),2022-04-22
285,Barbara,Bruce,bonniethomas@example.com,001-325-520-4565x044,Port Cody,Sao Tome and Principe,2022-01-09
286,Marcus,Stewart,joseph51@example.net,001-852-702-8457,North Jeffery,Macao,2021-05-02
287,Jacob,Prince,butlersabrina@example.org,(707)454-5279,Anthonyville,Cyprus,2021-06-11
288,Heather,Watts,david21@example.com,001-211-907-6031x089,West Bradleyport,Papua New Guinea,2021-04-04
289,Colin,Martinez,brianagonzalez@example.net,(301)324-9552x893,New Jayborough,Finland,2021-01-08
290,Karen,Smith,glasssamantha@example.net,859.327.1256x6383,Davidville,Mali,2021-05-06
291,Kathryn,Bush,millertristan@example.com,779-447-3864x6317,Lake Travisville,Indonesia,2021-04-10
292,Donna,Miller,ralphneal@example.org,001-621-653-5396x1367,Kellyfurt,Libyan Arab Jamahiriya,2021-11-16
293,Dylan,Gibson,kingtyler@example.net,(701)401-7026,Christyville,Senegal,2022-01-08
294,Karen,Saunders,qharris@example.com,784.885.8800x6167,Stevenston,Christmas Island,2021-02-25
295,Michelle,Turner,travistaylor@example.net,(271)897-8897x7828,Troyfurt,Nicaragua,2022-02-10
296,Katie,Mitchell,johnsonbrandon@example.com,(590)556-1655x650,Lake Larry,Belize,2022-05-09
297,Cameron,Torres,geoffrey85@example.org,869.786.4079x056,Port Tracyborough,Guadeloupe,2022-10-26
298,Lisa,Contreras,christinacox@example.com,871.583.4404,Lake Meganville,Nauru,2021-12-29
299,Carlos,Solis,wsimmons@example.org,+1-948-446-8536x6498,Lake Jacquelineburgh,Morocco,2021-09-03
300,Donna,Holloway,oadams@example.net,+1-869-808-3572x324,Michelleland,North Macedonia,2021-12-30
301,Robert,Colon,jonathanburke@example.com,812.830.3477,East Erikberg,Antarctica (the territory South of 60 deg S),2021-05-29
302,Linda,Hopkins,dawnwilliams@example.net,500.315.9416x5162,New Elizabethshire,Zambia,2021-07-08
303,Alicia,Crawford,youngdavid@example.com,296-936-3212x34764,Hollyville,Ghana,2022-07-20
304,Thomas,Sanchez,natasha25@example.com,001-754-309-0034x864,Port Scott,Algeria,2022-02-02
305,Phillip,Spence,kevin34@example.org,(875)760-4177,Mcdowellville,Sweden,2022-10-26
306,Jose,Jones,jguzman@example.net,370-402-7206x34591,New Jennifer,Seychelles,2021-04-27
307,Kathryn,Bradford,usparks@example.com,824.529.5431x6526,North Sandrabury,United States of America,2022-08-29
308,Steven,Green,brandonwilliamson@example.net,321-552-9108x677,East Sophia,Suriname,2021-03-06
309,Keith,Snyder,ryanclark@example.org,736-926-2044x3973,North Taylormouth,Puerto Rico,2022-07-25
310,Jason,Reyes,qfitzgerald@example.org,280-205-3759,Williamfurt,Gabon,2021-10-17
311,Emily,Anderson,carpenterjorge@example.net,457.921.5862x4150,Juliechester,Finland,2022-12-14
312,Jose,Gallegos,zachary62@example.com,001-672-487-0320x3207,Grahamfort,Armenia,2022-10-21
313,Vanessa,Hoffman,uvasquez@example.org,551-234-2284,South Samantha,Egypt,2021-11-18
314,Erica,Clay,mitchelltina@example.org,(259)715-2017x7749,Lake Cindymouth,Greece,2022-07-15
315,Zoe,Meadows,jasonwilliams@example.net,350-218-9616x4236,East Paul,Iraq,2022-11-22
316,Karen,Valdez,evanslaurie@example.net,892-351-5837x7674,Shepherdburgh,Jordan,2021-07-27
317,Christopher,Palmer,prhodes@example.net,001-427-488-1476x174,Mckenziehaven,Japan,2022-04-05
318,Brandon,Jones,palmerwilliam@example.com,279-345-4918,Whiteburgh,Tajikistan,2021-08-04
319,Christopher,Mcdowell,lee77@example.net,252-832-1941x680,North Georgefort,Kuwait,2021-10-14
320,Misty,Church,nturner@example.com,001-564-912-2031x030,Lake John,Tajikistan,2022-05-20
321,Kristy,Lee,kayla27@example.com,5125277707,Ashleyfurt,Austria,2022-04-02
322,Curtis,Abbott,fpetty@example.net,001-998-540-7678,New Andrewshire,Germany,2021-09-01
323,Joseph,Wong,nwilson@example.net,(576)702-4375x738,Andersonport,Saint Kitts and Nevis,2022-02-08
324,Susan,Whitaker,laura29@example.org,517-522-3297x1674,North Michaelview,Guinea-Bissau,2022-06-03
325,Gregg,Villarreal,romanmatthew@example.org,+1-431-383-7455x084,South Laurenville,Botswana,2022-05-09
326,Chelsea,Garrison,colonbobby@example.org,(313)452-4787,Matthewberg,British Virgin Islands,2022-07-24
327,Scott,Perry,sanchezlisa@example.com,482-814-5653x2863,Hardinmouth,Zambia,2022-09-11
328,Laura,Cox,ramoskayla@example.net,611.855.6260x60290,Blackwellside,Tunisia,2022-09-14
329,Julia,Blankenship,wilcoxrachel@example.net,(867)538-9975,Christopherside,Grenada,2021-08-10
330,Jennifer,Hobbs,jason88@example.com,752.600.8943x46810,Davidville,Kiribati,2021-10-12
331,Jillian,Chavez,lindazhang@example.net,001-389-735-4492x683,Port Kimberly,Korea,2021-08-06
332,Jennifer,Poole,davisroger@example.org,937.815.8698x8649,Barkerfort,Saint Martin,2021-03-13
333,Madison,Thomas,toddellis@example.net,381.737.7028x51961,Billyberg,British Indian Ocean Territory (Chagos Archipelago),2022-12-11
334,Vickie,Turner,jjohnson@example.org,001-360-744-3270,Port Bradleyfort,Montserrat,2021-09-28
335,Shaun,Morgan,ualvarez@example.net,(828)877-7251,South Matthew,Aruba,2021-08-14
336,Pamela,Fitzgerald,clinejasmine@example.net,+1-548-918-1398x9098,North Dominiqueside,Cocos (Keeling) Islands,2022-11-30
337,Joshua,Harris,imiller@example.net,669-307-0562x60856,North Amberport,Cambodia,2022-12-03
338,Kayla,Moore,dgregory@example.net,220-504-6152x65461,Port Carla,Dominica,2021-05-14
339,Karen,Cruz,adamslucas@example.net,(617)806-3048x91382,Millerhaven,Costa Rica,2021-12-26
340,Douglas,Fernandez,kimberlymedina@example.com,+1-270-907-9420,Carlafurt,Guernsey,2022-07-25
341,Jason,Pittman,brandon89@example.org,616-912-8463x9855,Johnmouth,Guam,2022-09-07
342,Susan,Murphy,deborahsmith@example.com,3022687681,Chambersstad,Suriname,2021-06-03
343,Carolyn,Hughes,martinezmitchell@example.org,903.704.5319x433,West Trevorborough,Albania,2021-10-02
344,Lori,Foster,ashley72@example.net,499.692.1921,New Jessica,Falkland Islands (Malvinas),2021-05-23
345,Erica,Braun,erin70@example.com,+1-505-266-4187x7580,Samanthaside,Kiribati,2021-05-20
346,Philip,Cook,mooneyjeremiah@example.net,(713)632-5411x07609,North Thomas,Guam,2021-08-19
347,Lorraine,Stone,sherryparsons@example.net,217.991.1006x512,West Cherylchester,Bahrain,2022-08-30
348,Brian,Williams,nmorales@example.com,399.707.6769,South Zacharyshire,Congo,2021-03-16
349,Alexander,Reeves,rebeccamartinez@example.net,656-879-7232x002,Larryside,Singapore,2021-03-20
350,Terrance,Morrison,miguel08@example.net,+1-520-938-8065x33315,Greenemouth,Timor-Leste,2021-04-17
351,Sylvia,Jensen,gmurphy@example.com,5739033793,Lindsayfurt,Costa Rica,2022-02-26
352,Margaret,Smith,jonesanthony@example.org,(547)639-5003,East Nicole,Saint Helena,2021-10-19
353,Melanie,Sanchez,andrewcameron@example.org,7267153473,New Tiffany,Nigeria,2021-05-08
354,Natalie,Jones,nicoleanderson@example.org,586.655.9630,West John,Norfolk Island,2022-10-05
355,Monique,York,fclark@example.com,+1-991-928-6857x87255,Adamsfurt,Northern Mariana Islands,2022-08-04
356,Brandy,Johnson,patriciahayes@example.org,(634)966-9254x8121,Jerryton,Lao People's Democratic Republic,2022-11-03
357,Matthew,Hayes,zortiz@example.com,346-602-7341x51488,North David,Guyana,2022-01-09
358,James,Gonzalez,john43@example.net,+1-928-440-4456x690,Perezborough,Lebanon,2021-01-28
359,Brenda,Tran,dsharp@example.com,253-766-3778,New Morgan,Gambia,2021-06-20
360,Alec,Cochran,matthew66@example.net,001-868-845-9090x22599,South Bryce,Hungary,2022-11-19
361,Daniel,Hudson,tfowler@example.org,(518)320-9702,Campbellbury,French Guiana,2021-05-18
362,Chad,Brown,jacksonmichele@example.com,(821)928-6716x3234,New Barbara,Georgia,2022-04-26
363,Wayne,Cohen,james27@example.org,(993)785-9777x9014,Peterburgh,Israel,2022-03-05
364,Rachel,Quinn,qcruz@example.org,001-991-860-3248x413,West Charlesville,Madagascar,2021-07-01
365,Mark,Hayes,jared07@example.org,676-356-3600,West Ellen,Kyrgyz Republic,2022-07-13
366,Carlos,Kelley,jenniferkim@example.com,322-209-1241x862,Ericstad,Christmas Island,2021-12-20
367,Austin,Leonard,scottwilliams@example.net,516.347.0900x63353,South Anthonytown,Guadeloupe,2021-06-07
368,Erin,Brown,roblesmaria@example.org,001-820-868-1558x3938,East Jasonstad,Gibraltar,2022-08-22
369,Richard,Stewart,olewis@example.org,+1-449-650-1364x97189,New Markfurt,Philippines,2021-05-07
370,Kelsey,Anderson,cynthiahenson@example.com,+1-571-250-9976x83890,West Joelchester,Saudi Arabia,2022-11-05
371,Christopher,Taylor,jphillips@example.com,203.897.5245,Karenbury,Tanzania,2021-06-27
372,Matthew,Harris,knoxelizabeth@example.org,+1-439-568-5270x17130,North Glenn,Mexico,2022-06-19
373,Sarah,Young,simmonsstuart@example.org,001-933-362-9344x9734,Raymondburgh,Latvia,2022-08-29
374,William,Moss,lorileon@example.org,001-966-614-9828x24674,Hartfort,Barbados,2021-11-18
375,Jennifer,Gonzalez,adamhensley@example.net,001-257-366-6567x4916,Frederickburgh,Congo,2021-08-31
376,Susan,Wise,william75@example.net,4666337050,Blackburnberg,Equatorial Guinea,2022-07-11
377,Beth,Bates,alexanderwise@example.net,001-866-691-8362x644,Goodwinland,Botswana,2021-06-30
378,Kimberly,Cooper,josephclark@example.net,(440)427-0116x8646,Jacobberg,Congo,2022-04-09
379,Wayne,Rodriguez,jacobbrown@example.org,001-334-767-9121x41614,New Jimmyfort,Peru,2021-12-21
380,Albert,Adams,ortegakristina@example.org,938-706-9847,Rogersmouth,Germany,2022-07-09
381,Shelley,Ortega,wbishop@example.com,607-562-0918,Shannonfort,Malaysia,2022-08-19
382,Jacob,Andersen,allen50@example.net,573-497-6915x67164,East Tylerland,Gabon,2021-10-29
383,Wendy,Archer,cjackson@example.org,683.533.2116x0256,Elizabethville,Papua New Guinea,2022-08-30
384,Amanda,Swanson,popemarvin@example.org,001-591-656-6863,West Christopherland,Guam,2021-04-09
385,Sharon,Garner,berrydavid@example.com,(590)340-9836x6552,Smithmouth,Germany,2022-06-24
386,Sherri,Hood,jfrazier@example.net,620-895-4814x9737,Port Masonborough,Thailand,2021-04-16
387,Lisa,Graves,leblanckimberly@example.com,001-364-620-8656x7566,Heatherborough,Reunion,2022-06-19
388,Phillip,Anderson,hornjenna@example.com,+1-329-427-7423x3305,Clementschester,Philippines,2022-09-17
389,Sara,Davis,dwhite@example.org,459.862.6301x36749,Port Stevenfurt,Falkland Islands (Malvinas),2022-09-06
390,Sean,Smith,millertracy@example.net,630.499.9741x92676,West Bryanside,Colombia,2022-04-06
391,Jaclyn,Long,lbrown@example.net,001-213-412-9208x751,Lake Evan,Monaco,2021-10-23
392,Karen,Miller,huntermichael@example.net,(960)434-0848,Nealhaven,United States Minor Outlying Islands,2021-07-07
393,Michael,Medina,haileybates@example.org,503.724.3298,Davidchester,Belarus,2022-12-20
394,Jorge,Santos,ricardomiller@example.com,+1-462-783-1435x98926,Graybury,Belarus,2022-02-05
395,Amanda,Sutton,ojones@example.org,(354)423-4016x361,Briannafort,Bhutan,2021-07-16
396,Jackie,Grimes,catherine02@example.com,001-462-458-8967x92408,South Ashley,Ethiopia,2022-01-21
397,Jessica,Villegas,erikabarnes@example.com,(575)678-4468,West Richardmouth,Tanzania,2021-02-08
398,Christopher,Blair,martinbrian@example.net,287-506-8277x8816,Lake Ronaldside,San Marino,2021-03-07
399,Virginia,Guerrero,lawsontami@example.net,001-783-321-5285x06762,Robinbury,Switzerland,2021-09-09
400,Katie,Wilson,timothy43@example.org,001-996-734-8079x7050,Michaeltown,Guernsey,2022-01-29
401,Jacob,Gomez,jordanjames@example.net,826.417.0243x76545,Danielmouth,Palestinian Territory,2022-10-11
402,Evan,Gomez,tsmith@example.org,434-502-6650,Moyerview,British Indian Ocean Territory (Chagos Archipelago),2022-09-04
403,Andrea,Marsh,markduran@example.com,862.211.0225x80305,Castilloport,Libyan Arab Jamahiriya,2021-11-03
404,Roy,Williamson,johnwang@example.com,001-536-337-1892x392,South Benjamin,Congo,2021-03-02
405,Ronald,Jensen,linomar@example.net,733-656-7086x0414,Jenniferbury,Ghana,2022-11-09
406,Hunter,Smith,jason74@example.net,362-247-5541,West Michael,Sudan,2022-10-15
407,Kimberly,Rice,gmiller@example.org,+1-691-909-3371x1895,New Jennifer,Aruba,2021-09-21
408,Robert,Dawson,patricia71@example.com,476-688-0294,New Bruceborough,Saint Vincent and the Grenadines,2021-04-04
409,Troy,Patel,martinkaren@example.com,+1-566-294-3202,Gordonhaven,Eritrea,2022-08-17
410,Jeffrey,Erickson,jacksonbrandon@example.org,702-742-4033x8105,Lake Nicoleview,Saint Helena,2021-08-10
411,Rachel,Phillips,garrettalex@example.com,642.540.8916,Walkerview,Costa Rica,2021-04-08
412,Lindsey,Mullins,seanblair@example.com,(427)617-2722x397,West Frankburgh,Svalbard & Jan Mayen Islands,2022-03-01
413,Cathy,Jones,simmonsspencer@example.net,(418)520-9166x0100,West Douglastown,Somalia,2021-10-15
414,Susan,Rodriguez,melissa13@example.org,397.224.5723x0848,North Amyville,Malawi,2022-12-06
415,Robert,Smith,andrewsimmons@example.org,(343)761-7213x145,West Sandraland,Ukraine,2022-10-09
416,Edward,Patterson,carol62@example.net,+1-749-445-1475x41022,Griffinfort,Suriname,2021-02-01
417,Becky,Moyer,duane52@example.org,001-965-957-6769x52366,South Christopher,Saint Barthelemy,2021-02-19
418,Becky,Steele,jacquelineyoung@example.org,705.487.2105,Stevenside,Venezuela,2021-11-04
419,John,Carey,burgessdavid@example.net,001-426-206-5019x179,West Donald,Ecuador,2022-10-28
420,Ashley,Cervantes,kathyharrison@example.org,001-484-476-5704x1200,South Marissamouth,Micronesia,2021-02-26
421,Jonathan,Armstrong,jenna62@example.com,886-423-6903,Port Heatherfort,Germany,2022-06-03
422,Richard,James,prattdeborah@example.org,311-315-9503x428,New Alex,United States of America,2022-04-21
423,Andrea,Little,allenchristopher@example.net,001-209-770-0514,Susanhaven,Congo,2021-08-14
424,Peter,Kelly,jacquelinedavis@example.com,001-481-982-0967x9042,Lake Christopherbury,Turks and Caicos Islands,2021-08-18
425,Erin,Thomas,victoriamason@example.net,+1-585-572-5459x606,East Ashleyfort,Bhutan,2021-06-07
426,Douglas,Harrell,portershawn@example.org,621-949-5511x2747,North Teresa,Libyan Arab Jamahiriya,2022-08-10
427,Michele,Morales,scotthunt@example.net,351-668-7409x03802,Moorefurt,Timor-Leste,2021-01-29
428,Paul,Ford,baileytaylor@example.net,711.921.6636x515,Lake Judith,Brazil,2021-02-23
429,Benjamin,Moore,nthomas@example.com,001-209-560-5673,Port Gabrielaview,El Salvador,2021-07-22
430,Christopher,Jones,tmiller@example.com,(983)942-0165x42356,Lake Samuel,United States Minor Outlying Islands,2022-04-09
431,Paul,Smith,christiancontreras@example.net,(355)802-7275,Abigailtown,Korea,2022-05-21
432,Meredith,Walters,johnsonjulie@example.org,(682)696-3533x90550,Lake Victormouth,Isle of Man,2022-11-19
433,Michael,Daniels,daniel27@example.com,(328)392-8664x649,North Debrachester,Bosnia and Herzegovina,2021-10-27
434,Karen,Ho,schultzwesley@example.org,+1-846-833-7861x37157,West Kimberlyhaven,Finland,2021-12-28
435,Donna,Parker,anunez@example.com,4008258955,New Teresa,Congo,2021-07-15
436,Phillip,Williams,oanderson@example.com,001-826-658-2631x2819,West James,Bermuda,2022-03-26
437,Alexander,Carrillo,anthonyzimmerman@example.org,001-660-527-5233,Lake Kimberly,Solomon Islands,2021-01-19
438,Jorge,Williams,donovancourtney@example.net,001-611-479-1124,North Troystad,United States Minor Outlying Islands,2021-10-03
439,Peter,Henry,gutierreztommy@example.net,236-465-7224,North Theresastad,Liberia,2022-09-04
440,Carol,Smith,sara39@example.org,+1-208-782-3513,East Christopher,Puerto Rico,2022-12-27
441,Joseph,Olson,baileyandrea@example.com,676.486.3423x461,Lake Tony,Turks and Caicos Islands,2022-11-17
442,Caitlyn,Nelson,cindy96@example.com,695.851.7208,Cassandrahaven,Guinea,2021-11-22
443,Danny,Lamb,wgibbs@example.org,235-752-5105,South Ashley,Gibraltar,2021-10-18
444,Anna,Cruz,alisongarcia@example.com,001-991-296-6553x307,Robertville,Korea,2022-10-18
445,Mark,Reyes,mitchelldawn@example.net,7742260880,South Codychester,Saint Kitts and Nevis,2021-05-05
446,Logan,Reed,hawkinslawrence@example.net,2645771591,Port Alexville,Gibraltar,2021-08-08
447,Jennifer,Perez,leerachel@example.com,+1-600-740-1041,Nelsonburgh,Uzbekistan,2022-09-20
448,Steven,Martinez,karenbarron@example.com,+1-371-688-3977x4573,Jenniferstad,Moldova,2021-04-11
449,John,Holland,heatherjones@example.com,7305376371,Kathleenport,Russian Federation,2022-09-02
450,Eric,Wagner,jefferycox@example.com,+1-483-963-1462x491,Lake Danieltown,Uganda,2021-11-27
451,Joseph,Alvarez,hbell@example.net,756-232-6868,Nelsonville,Australia,2021-12-02
452,Jessica,Henderson,jaime29@example.com,697.586.1031x31009,New Craigbury,Turkmenistan,2022-04-18
453,Jennifer,Myers,robinsonmadison@example.net,973-623-5494x012,East Leslie,Bangladesh,2022-03-29
454,Martin,Gibson,waderonnie@example.org,(241)920-9579,South Daniel,Svalbard & Jan Mayen Islands,2021-05-02
455,Erin,Roberts,aliciajackson@example.org,001-211-745-7758x47457,Jenniferhaven,Singapore,2021-01-13
456,Michelle,Anthony,rrodriguez@example.net,001-502-363-2570x3965,South Danielle,Falkland Islands (Malvinas),2022-04-30
457,Erika,Nolan,harcher@example.org,755-369-6443x098,Popeshire,Somalia,2022-10-02
458,Keith,Montes,jho@example.com,+1-228-549-8247x41407,Margaretville,Austria,2022-08-01
459,Adam,Bell,williamsdevin@example.com,782.514.2369x14307,Hendersonville,Uganda,2021-12-23
460,Kevin,Collins,ushelton@example.net,(334)626-8344,Gardnerfurt,Slovenia,2021-07-10
461,Samuel,Taylor,gbenson@example.net,001-857-356-7667x080,New Rebecca,Solomon Islands,2022-10-01
462,William,Martinez,brian62@example.com,+1-907-787-0104x15914,North Joyhaven,Saint Vincent and the Grenadines,2021-06-26
463,Jacqueline,Black,rtaylor@example.net,(244)407-9311,New Collinborough,Bosnia and Herzegovina,2022-06-07
464,Marissa,Wallace,howekevin@example.com,(438)249-7916,East Lori,Palestinian Territory,2021-12-12
465,William,Lyons,thomasroberts@example.net,897-854-6617,North Justin,British Indian Ocean Territory (Chagos Archipelago),2021-06-25
466,Alex,Turner,wwilliams@example.org,374.402.5883x586,West Diana,Mongolia,2022-02-16
467,Jennifer,Buchanan,kristen46@example.org,+1-776-879-2988x4259,North Anthonyburgh,Djibouti,2021-09-05
468,Daniel,Villa,omorris@example.net,312.266.1094,South Kathryntown,Uzbekistan,2021-03-12
469,Daniel,Cole,vanessaberry@example.org,547.374.3326,Lake Susanville,Costa Rica,2021-05-07
470,Donald,Smith,ecarroll@example.com,(787)433-9785,South Ronaldfurt,Tunisia,2021-01-25
471,Christian,Patton,craig73@example.org,+1-385-503-4465x124,Reginaldton,Mayotte,2021-02-21
472,Daniel,Ruiz,denise05@example.com,235-702-3850x371,South Carlyland,Tuvalu,2022-05-24
473,Stacey,Nelson,garciatyler@example.org,+1-256-974-3000x3896,South Katieberg,Jersey,2022-02-06
474,Andrea,Wilson,princetoni@example.com,(235)260-3319x036,Port Brian,Azerbaijan,2022-05-27
475,Henry,Williams,carrie34@example.org,+1-967-611-1483x753,Kimberlyport,Trinidad and Tobago,2021-04-03
476,Alison,Adams,brownrachel@example.net,+1-774-413-2834x831,East Hollymouth,Zambia,2022-04-22
477,Victor,Johnson,brianna41@example.org,496-870-6670x336,Lake Kevinside,Serbia,2021-03-25
478,Anthony,Franklin,sandra49@example.org,001-605-496-6018x64876,Mcdonaldbury,Bulgaria,2021-09-11
479,Juan,Fleming,christopher38@example.com,796-609-4544x90149,South Steven,Kazakhstan,2022-10-24
480,Benjamin,Howard,rickyriley@example.org,598-451-7244x472,Port Christine,Australia,2021-01-07
481,Diamond,Lopez,criley@example.net,001-330-344-0580x935,Wilsonland,Dominica,2021-06-19
482,Ashley,Calderon,bjones@example.com,(605)295-5657,West Bradley,Venezuela,2021-05-29
483,Brittany,Rodriguez,lindseydixon@example.net,895.336.9026x11398,New Thomashaven,Mali,2021-04-20
484,Joseph,Huff,rhonda53@example.com,775.313.7651,Denisebury,Kiribati,2021-11-18
485,Jerry,Carey,sarasanchez@example.com,+1-992-594-4551x16682,South Alexis,British Indian Ocean Territory (Chagos Archipelago),2022-07-28
486,Kathy,Dawson,inewton@example.org,(602)312-8866x52683,Phyllismouth,Nauru,2021-11-02
487,Daniel,Bowen,rodgersmichael@example.com,(776)947-2298x12099,Floresburgh,Malawi,2022-03-20
488,Joshua,Mejia,kennethpeterson@example.net,689.786.4565x22036,West Justinville,France,2022-06-11
489,Scott,Mcclure,sheila49@example.org,242.513.8820,South Marissatown,Heard Island and McDonald Islands,2021-07-19
490,Shelly,Duncan,dmeyer@example.com,317-767-4124,Lake Lauraland,Greece,2021-05-29
491,Matthew,Chavez,mannleroy@example.org,(618)953-8003x29633,South Lisa,Saint Martin,2021-04-25
492,David,Walters,tapiamercedes@example.net,206.817.8932,Christinashire,Dominica,2021-12-29
493,Todd,Sandoval,nataliepittman@example.com,+1-977-769-5874x13146,Lake Roger,Christmas Island,2022-04-10
494,Luis,Wilson,xbush@example.com,696.730.4483x6085,Myersmouth,Jamaica,2021-12-05
495,Rita,Adams,matthewcardenas@example.com,263.292.8319x952,Davismouth,United States Minor Outlying Islands,2021-10-18
496,Katie,Brown,stonemichael@example.org,(586)534-2556,North Meganhaven,Bosnia and Herzegovina,2021-09-15
497,Lacey,Williams,kevin33@example.org,216-462-4111x860,Lake Briannafurt,Congo,2022-01-01
498,Michele,Glover,bhunt@example.com,873-614-9764x613,Mitchellside,Madagascar,2022-08-30
499,Andre,Crawford,wbean@example.net,001-317-639-0637x579,Douglasland,Bhutan,2021-06-28
500,Jared,Mcmahon,christopherpowell@example.com,893.207.4645x20599,Hannahside,South Africa,2022-02-13
501,Vincent,Chung,marcfletcher@example.net,+1-311-461-6202,South Molly,Brazil,2021-12-23
502,Roger,Jackson,jtaylor@example.com,(404)616-4485x9592,Port Christina,Rwanda,2021-01-29
503,Cassandra,Kennedy,sharonho@example.net,(928)370-5622,West Jacquelineborough,Puerto Rico,2021-09-28
504,Stephen,Davis,ewheeler@example.com,+1-883-650-3446x9459,North Brittany,Bosnia and Herzegovina,2021-03-10
505,Joshua,Baker,martinezalexa@example.net,001-365-499-9497x32033,East Thomas,Afghanistan,2022-06-17
506,Paula,Williams,ecoleman@example.com,381-538-6667x5485,Lake Martha,Rwanda,2021-08-24
507,Samuel,Alexander,gina86@example.net,(720)457-5639x836,East Scotthaven,Congo,2021-04-15
508,Lance,Davis,ruth80@example.net,904-976-0440x907,South Karen,Oman,2021-01-05
509,Lindsey,Johnson,salazarjennifer@example.net,001-522-216-1070x5184,Marymouth,Ukraine,2022-07-02
510,Rebecca,Matthews,zachary66@example.net,+1-801-438-2412x70493,West Joshuastad,British Indian Ocean Territory (Chagos Archipelago),2022-06-02
511,Ashley,Horton,fdavis@example.org,001-612-559-0203x5713,West Brian,Romania,2021-09-06
512,Joshua,Cunningham,mperez@example.com,724.747.4175,Gallegosburgh,Argentina,2021-07-29
513,Brenda,Moore,victoriahamilton@example.net,+1-243-358-8418x34374,South Donald,Namibia,2022-11-24
514,Anne,Barrett,morrisdaniel@example.com,6264755125,Paynetown,Kazakhstan,2021-08-24
515,Stephen,Johnston,esimon@example.org,859-657-6403x816,Watkinsburgh,Malaysia,2022-08-13
516,Kevin,Carlson,stephaniebradley@example.org,(450)914-2576,Lake Dylanburgh,Gabon,2021-05-02
517,Jack,Hodge,pdavis@example.org,+1-985-507-2517x86376,South Davidberg,Iran,2021-08-13
518,Rachael,Weiss,icarlson@example.org,(279)803-9235x558,Lake Jerryfort,Comoros,2022-07-18
519,Kevin,Davis,bvaldez@example.org,346-770-4622x6817,Lake Michelletown,Central African Republic,2021-02-02
520,Autumn,Cruz,psmith@example.net,(760)346-4197x8575,South Amanda,Hungary,2021-08-21
521,Christopher,Smith,james97@example.com,7746017750,Rogersport,Seychelles,2022-09-27
522,Amy,White,robert75@example.com,+1-409-415-0863x2181,Jordanview,Guatemala,2022-08-21
523,Hannah,Sanchez,uwilliams@example.com,8298168154,East Stephanieview,Saint Helena,2022-12-10
524,Nicole,Copeland,ysanford@example.org,001-944-598-8305,Hillburgh,Falkland Islands (Malvinas),2022-04-21
525,Brandon,Ross,erikanelson@example.com,306.524.4795,North Jenna,Cyprus,2022-01-01
526,Keith,Joseph,omatthews@example.net,586-478-0555x57277,Scottton,Panama,2021-02-16
527,Tammy,Welch,christopher85@example.com,857-270-2992x9596,Angelafort,Dominica,2022-09-14
528,Amanda,Gray,davisjeffery@example.org,001-842-626-8653,Kayleeville,Papua New Guinea,2021-10-01
529,Susan,Gill,wayne86@example.org,(477)347-2264x0857,Carpenterchester,Italy,2022-10-07
530,Dana,Montgomery,chelseagordon@example.org,+1-296-805-9329x715,Port Robin,Kuwait,2021-10-27
531,Nancy,Thompson,marcuscarter@example.org,997.373.9732,Monicaburgh,Ecuador,2021-09-27
532,Sydney,Smith,flemingrichard@example.net,661.864.8198x0770,West Reginaldhaven,Norfolk Island,2021-12-03
533,Roy,Martinez,melaniechang@example.net,001-912-956-5237x34151,Port Jordan,French Polynesia,2022-04-19
534,Mark,Cole,ashley90@example.org,(684)403-5954,Thomasmouth,Peru,2022-05-18
535,Julia,Neal,catherinevillarreal@example.com,+1-830-939-4290x4588,West Dawn,Namibia,2021-08-03
536,Leon,Brooks,hwong@example.com,(576)401-5343,Charlotteville,Pakistan,2022-09-14
537,Victor,Hudson,larsenmegan@example.net,635.306.1581,South Ashleybury,Ecuador,2021-05-24
538,Jodi,Norris,jeremylove@example.org,6942841312,East John,Senegal,2021-07-06
539,Steven,Herrera,florescynthia@example.org,217.817.3189x3974,Lake Oliviaborough,Namibia,2022-02-28
540,Christina,Bryant,kingrichard@example.com,625.987.8444x8354,Port Sonyafort,Albania,2022-08-11
541,Terri,Ruiz,haroldhodges@example.net,717-958-2313x3484,Lake Kevinborough,Montserrat,2021-08-21
542,Mario,Lee,kfloyd@example.net,+1-625-787-9643x47452,Mariamouth,Korea,2022-05-05
543,Anna,Farmer,gillrichard@example.com,(827)840-3344x505,Angelaborough,South Georgia and the South Sandwich Islands,2021-08-13
544,Wesley,Gates,jonesethan@example.net,297.706.7349x9601,Amandamouth,Uzbekistan,2021-06-06
545,Thomas,Gilmore,nguyenkimberly@example.com,(529)749-3817,Angelaport,Portugal,2021-07-27
546,Kelsey,Jones,susan57@example.net,625.673.7553,East Davidchester,Japan,2021-01-16
547,Tom,Williams,durhamwilliam@example.org,001-760-385-8749,New Christopherside,Slovakia (Slovak Republic),2021-10-16
548,Eric,Palmer,berrytaylor@example.net,416.747.7251,Rosechester,Tuvalu,2021-03-23
549,Autumn,Smith,osmith@example.com,(424)539-5873x95923,Huntertown,Martinique,2021-01-16
550,Megan,Chan,stephanie55@example.org,+1-833-242-6433x50271,Dillonborough,Hong Kong,2022-03-15
551,Samuel,Gonzalez,hlawrence@example.org,(789)781-2317,Leeland,South Georgia and the South Sandwich Islands,2021-02-05
552,Timothy,Hicks,ysmith@example.com,(615)754-1643x1670,East Melanieburgh,Mongolia,2022-01-05
553,April,Taylor,dfarmer@example.net,445.496.2622,Natashaville,Solomon Islands,2021-01-07
554,Tyler,Torres,regina49@example.com,8054070260,North Alexis,Ukraine,2021-04-29
555,Robert,Jones,amarshall@example.net,329.904.7742x585,Goodmanshire,Congo,2021-06-12
556,Zachary,Trujillo,jeremiahmiller@example.org,001-664-491-3342x457,Robertberg,Mozambique,2021-04-02
557,Melissa,Adkins,ywelch@example.org,(902)903-2650,Jacobshire,Iraq,2022-06-21
558,Jason,Howell,rwilson@example.net,001-385-752-4578x71584,Mayside,Brunei Darussalam,2021-11-26
559,Theresa,Greer,piercekenneth@example.com,576-781-8268x3230,New Michelle,Malta,2021-03-10
560,Amanda,Ryan,nicholasgarcia@example.org,+1-893-928-9634x0646,Morrisport,Afghanistan,2021-02-04
561,Jeanette,Barnett,sandraaustin@example.org,8628272362,East Mary,Barbados,2021-02-24
562,Stacy,Taylor,vmartinez@example.net,+1-923-572-4501x84819,Evansville,Mauritius,2021-06-14
563,Shawn,Jones,nancy06@example.com,376-392-7438,Johnfort,Taiwan,2022-06-26
564,Ryan,Brown,grimesjoshua@example.net,001-944-585-6451x0173,Wadeville,Slovakia (Slovak Republic),2022-05-27
565,Tony,Obrien,qobrien@example.com,7918919113,Higginston,Guatemala,2022-08-26
566,Scott,Murray,bentleylisa@example.net,001-660-739-2051x4607,Michaelbury,Falkland Islands (Malvinas),2022-04-17
567,Brandon,Ellis,kayla23@example.net,001-685-365-2715x59835,Lake Richardfort,Northern Mariana Islands,2021-11-22
568,Patrick,Baker,zbell@example.com,(422)850-1394x884,East Clarencefurt,Timor-Leste,2021-05-16
569,Jennifer,Patel,yanderson@example.org,001-249-991-5370x3824,Port Heather,Cyprus,2021-07-11
570,Jeremiah,Wong,dustinphillips@example.org,+1-877-868-8936x289,Jasminestad,Spain,2021-06-28
571,Ryan,Diaz,lukekelly@example.net,(753)389-2187,Lake Michael,Reunion,2022-08-08
572,Angela,Galloway,dadams@example.com,+1-777-996-1208x780,North Evelyn,Bahrain,2022-04-16
573,Joshua,King,reevestravis@example.net,001-726-237-4845x39862,Lake Karenshire,British Indian Ocean Territory (Chagos Archipelago),2022-11-28
574,Chad,Brown,ucross@example.org,392.820.7151,Ballardfurt,Qatar,2022-07-19
575,Melanie,White,michael64@example.com,924-363-3515,Andrewton,Moldova,2021-12-12
576,Nathaniel,Jackson,smithpaul@example.org,001-595-712-3972,Port Feliciaberg,Netherlands Antilles,2021-02-13
577,Gregory,Alexander,williamolsen@example.com,4904814415,South Jamesberg,New Zealand,2021-09-30
578,Sharon,Mcfarland,hbowers@example.net,+1-815-235-2373,Brianfort,Sudan,2022-11-02
579,Donna,Webster,abbottchristopher@example.net,689-898-8683x45273,Grahamland,Liechtenstein,2022-09-07
580,Damon,Hoffman,ytorres@example.com,001-208-203-1499x82508,Paulstad,Mauritania,2021-01-18
581,Marcia,Russo,williammaldonado@example.org,517.223.5137,South Jamieville,Uzbekistan,2021-02-08
582,Rebecca,Keller,tracey63@example.com,(802)229-3946x9434,Colonfurt,Fiji,2021-07-31
583,Jake,Maxwell,carol60@example.net,001-672-831-1127x12852,Amandaport,Togo,2022-09-07
584,Daniel,Wilson,stephaniepeters@example.com,228.807.7113,North Kathryn,Sri Lanka,2022-02-20
585,Ryan,Wood,scotthammond@example.net,233.850.9025x42573,Hernandezport,Madagascar,2021-02-19
586,Jack,Lee,cjohnson@example.org,298.348.2285,South Apriltown,Niger,2021-02-16
587,Jennifer,Morris,thomasdale@example.org,2603906913,Lake Madisonfort,Vietnam,2022-06-10
588,Paul,Jennings,vcole@example.org,+1-479-845-7727x85324,Nicolestad,Saint Vincent and the Grenadines,2022-02-21
589,Linda,Thomas,ijenkins@example.org,(725)736-6677x7675,Andersonhaven,Costa Rica,2021-01-16
590,Jennifer,Carroll,rachel86@example.com,+1-543-562-7187x4960,Andreaburgh,Palestinian Territory,2021-06-29
591,Zachary,White,njohnson@example.com,001-824-792-6932,Sanchezberg,Serbia,2021-10-08
592,Leslie,Fitzpatrick,lowekristin@example.org,5006515532,West Cindymouth,Myanmar,2022-11-10
593,Sean,Morgan,keithgarcia@example.net,(922)661-8962,North Elizabeth,Cameroon,2022-10-22
594,Colton,Williams,ekennedy@example.org,001-309-757-9927x07955,East Dennisport,Philippines,2022-10-25
595,Edward,Haney,suzanneflores@example.net,759-670-9962,New Juan,Mali,2021-10-14
596,Andrew,Flores,brettallen@example.com,276-250-4715x802,Oscarfort,Hong Kong,2022-10-22
597,Heather,Nelson,zrogers@example.net,(765)325-4837x44171,Port Davidville,Ecuador,2021-10-11
598,Nathaniel,Moore,kimberlyshields@example.org,001-405-591-2975x1910,East Christopherland,Afghanistan,2021-02-24
599,Gina,Clark,hughescolleen@example.org,337.492.7490x7280,West Douglas,Mauritius,2021-11-12
600,Jaime,Martinez,lopezmelinda@example.org,(869)649-6843,Jillhaven,Albania,2022-02-24
601,Tammy,King,calvinbrown@example.com,001-609-761-7015x9591,Howardfort,Heard Island and McDonald Islands,2022-04-23
602,Kathryn,Edwards,jeremyjackson@example.net,(867)275-6777x226,Port Levi,Trinidad and Tobago,2021-12-31
603,Reginald,Smith,edwardshah@example.org,906-872-4530,West Maria,Timor-Leste,2022-04-06
604,Jeremy,Tucker,kreynolds@example.com,+1-805-911-5794x23873,West Crystalmouth,Norfolk Island,2022-02-05
605,Christine,Carr,alyssapeterson@example.com,001-725-597-1075x633,Cynthiafort,Solomon Islands,2021-08-15
606,Matthew,Leon,rachelsheppard@example.net,001-239-793-3797,South Karenmouth,Belgium,2021-07-24
607,Steven,Mccullough,carl63@example.com,001-425-607-3305x597,Toddmouth,Netherlands,2022-01-21
608,James,Cochran,susanharper@example.org,403-688-4366x0443,North Denisechester,Belgium,2022-10-06
609,Kimberly,Kaiser,jgarrett@example.org,+1-475-714-7439x742,North Brianmouth,Micronesia,2021-09-26
610,Donald,Decker,opierce@example.com,+1-256-425-9045x9908,Brownland,Burundi,2021-12-14
611,Alexandra,Bentley,christopherward@example.com,316-551-7680x86628,Mooreview,Denmark,2021-04-21
612,Deanna,Grant,dayheidi@example.com,8038322855,New Kathyfort,Anguilla,2021-06-24
613,Heidi,Pierce,gonzalezbarry@example.org,001-870-551-9582,New Adrian,Niue,2022-05-04
614,Juan,Hawkins,mmoore@example.net,853-554-6147x079,North Bobby,Spain,2022-06-27
615,Sarah,Harris,marissa39@example.com,(470)739-4380x403,South Stacey,Iceland,2021-03-19
616,Stephen,Myers,samanthacastillo@example.net,931-891-0090x0404,North Brian,Cuba,2022-06-09
617,Tasha,Harmon,charles60@example.com,001-301-542-4731x07201,Kaneshire,Puerto Rico,2022-04-16
618,Joseph,Warner,sbrown@example.org,816.460.0767,New Phyllisland,Sierra Leone,2022-02-11
619,Jennifer,Higgins,lauriejohnson@example.com,537.200.9687,Michaelstad,Korea,2022-10-01
620,Amy,Brooks,jessica82@example.com,001-856-729-6575x4278,Millerview,Turks and Caicos Islands,2022-08-22
621,Sandy,Brewer,rmolina@example.org,4585295829,Millerchester,Turkmenistan,2021-04-11
622,Walter,Williams,johnstonjonathan@example.net,+1-723-857-1558x68639,East Daniellemouth,Cape Verde,2021-03-23
623,Paula,Lopez,barrytanya@example.org,221.643.6438x1300,East Jacobland,Bangladesh,2022-09-01
624,Stephanie,Henderson,dorothy09@example.com,965-734-6997x99070,Anthonyfort,Tokelau,2021-07-04
625,Karen,Carrillo,nbarker@example.com,+1-970-860-7174x81131,Johnfort,Antigua and Barbuda,2022-08-05
626,Angela,Padilla,arobinson@example.org,9296087182,Solisside,Palau,2021-08-24
627,Jon,Wilson,cthompson@example.com,(504)995-6121,Wrightfurt,Singapore,2022-06-13
628,Desiree,Thompson,lwilliams@example.org,997-737-1122x29907,Smithhaven,Ukraine,2022-06-27
629,Cynthia,Rodriguez,bjohnson@example.net,001-361-211-4576x832,North Ashley,Papua New Guinea,2022-05-21
630,Donna,Gardner,timothy29@example.com,280-733-2426,New Kristinville,Malta,2021-05-24
631,Brenda,Smith,luissanchez@example.com,337.477.3126,Port William,Tokelau,2022-05-01
632,Tim,Fritz,knightjohn@example.com,+1-853-946-0605x6035,Lake Rebecca,Lesotho,2022-07-09
633,Krystal,Oneal,johnboyd@example.com,001-616-990-6181x20546,Kevinside,Netherlands,2022-03-25
634,Kyle,Fry,shughes@example.net,001-389-699-2751x758,Sarahport,Nepal,2021-08-27
635,Lawrence,Bullock,ashleebailey@example.com,458.664.4963,Lake Gina,Rwanda,2022-01-10
636,Manuel,Yates,davidsharp@example.com,+1-933-795-2753x6749,West Catherine,El Salvador,2022-01-31
637,Nicholas,Pierce,msmith@example.com,378.994.8963x4067,Hughesville,Burundi,2021-04-01
638,Michael,Solis,williamschad@example.org,+1-284-221-6309,West Tiffanyview,Finland,2021-05-13
639,Jerry,Montgomery,sarah53@example.org,2894532638,New Joyview,Sudan,2021-11-10
640,Cody,Bruce,johnlynch@example.org,841.903.4699,East Craig,Belgium,2021-12-21
641,Sean,Hernandez,wjefferson@example.com,2849376855,Masseyborough,Holy See (Vatican City State),2021-10-25
642,Chris,Hood,zjackson@example.org,955.264.3436,Lake Heidi,Korea,2021-04-16
643,Andrew,Armstrong,parker76@example.net,461.564.5345x472,Port Barry,Hong Kong,2022-06-04
644,Kathleen,Davis,christopherdominguez@example.org,818-647-2426x423,New Carl,Tunisia,2021-09-23
645,Brett,Pena,keithharrison@example.com,(430)339-1114,Transtad,Saint Kitts and Nevis,2021-03-09
646,Amanda,Lopez,nguyengeorge@example.com,708.680.6220x72239,Sanchezburgh,Russian Federation,2021-05-11
647,John,Bowman,jonesnicholas@example.org,878-676-8868x7859,Jacksonfort,Brunei Darussalam,2021-03-22
648,Jamie,Greene,meagan19@example.com,(464)650-5730x3627,Sancheztown,United Arab Emirates,2022-08-10
649,Scott,Tucker,xmarquez@example.org,826.803.2145x057,New Kellyhaven,Micronesia,2021-06-15
650,Sarah,Melton,vjones@example.org,782-201-2840x0838,Powellmouth,Guatemala,2021-12-14
651,Justin,Williams,stephensonkatherine@example.com,001-580-389-8126x57422,Hillbury,Armenia,2022-03-30
652,Alexander,Anderson,ahudson@example.org,(489)943-0120x47137,North Elizabethmouth,Nicaragua,2021-02-02
653,Nathan,Harrison,barbara85@example.net,+1-758-629-8493x30674,Kaufmanfurt,Austria,2022-06-15
654,Kevin,Roy,hollowayangela@example.org,872.718.8566,Christopherburgh,Nigeria,2022-11-26
655,Sarah,Jones,sara06@example.com,(526)870-5514x37769,Atkinsonport,Ecuador,2021-12-17
656,Frederick,Moore,brittney11@example.org,202-986-7120,North Dennis,Tajikistan,2022-03-22
657,Gina,Serrano,elizabeth10@example.org,351-609-1090x3267,Christinahaven,Barbados,2021-09-25
658,Justin,Brown,eric81@example.com,+1-634-806-5277x584,Romanbury,South Africa,2022-08-30
659,Kyle,Nguyen,stevenwarner@example.org,309-612-1722,Gwendolynshire,Dominican Republic,2022-12-19
660,Ryan,Martinez,sharon37@example.net,6528635100,Port Tyler,Palestinian Territory,2022-06-08
661,Kristen,Huffman,uanderson@example.net,001-465-292-0246x175,East William,Lithuania,2022-12-06
662,Rebecca,Le,ajohnson@example.net,(759)655-0178x332,Prestonshire,New Zealand,2022-11-29
663,James,Carrillo,gibsonjennifer@example.net,587-704-5069x1767,South Joseph,Uganda,2022-11-07
664,Benjamin,Perez,ralph08@example.org,6378360601,New Mirandaport,Seychelles,2022-04-21
665,Brett,Zhang,amandatran@example.org,368.752.8306,South Andrew,Bulgaria,2022-03-14
666,Jessica,Jackson,emily62@example.com,325.414.4881,Port Sharonbury,Bahrain,2022-11-10
667,Laura,Blackburn,danielhayes@example.org,587.681.7941x51526,New Lindaland,Bahrain,2022-07-22
668,Matthew,Boyd,timothymiddleton@example.net,(905)366-1863x239,Port Diane,United States Minor Outlying Islands,2021-04-29
669,Angela,Ellis,dawn30@example.org,330.495.0556x057,New Abigailville,Nauru,2022-07-24
670,Troy,Ferrell,david05@example.org,786-840-1042x4624,New Michaelfort,Gambia,2021-04-09
671,Richard,Johnson,mark12@example.net,+1-591-351-1455x129,North Joshua,Tajikistan,2022-06-23
672,Kari,Durham,cainana@example.net,001-684-284-1604x615,North Clinton,Western Sahara,2022-07-09
673,Daniel,Woods,zpacheco@example.net,442-398-3152,South Jefferyberg,Chile,2022-03-05
674,Lynn,Fleming,veronicasmith@example.net,693-778-3063x963,South Terri,Isle of Man,2022-06-22
675,Keith,Wright,mannjonathan@example.net,401.269.3429x2913,East Julie,Saint Martin,2022-10-26
676,Ralph,Sanford,susan90@example.net,410.361.5372,Markchester,Honduras,2021-02-22
677,Erin,Ramos,michaelathomas@example.com,(433)277-4604x067,Lake Stephenport,Costa Rica,2022-04-26
678,Nicole,Taylor,gregory07@example.net,997-854-3734,Ethanbury,Kazakhstan,2021-10-29
679,Andre,Young,jcruz@example.net,+1-321-345-8414x8460,West Johnny,Ecuador,2022-10-22
680,Elizabeth,Hawkins,courtneymadden@example.org,(505)486-9507,Lake Kirkchester,El Salvador,2022-07-07
681,Joseph,Gonzalez,msantiago@example.net,001-251-767-9335,Thomasbury,Martinique,2022-05-23
682,Jeremy,Bernard,norrisdakota@example.org,960.437.6811,Lake Jason,Heard Island and McDonald Islands,2021-09-01
683,Jonathan,Hull,rmartinez@example.net,001-673-515-3911,South Hannahside,Chad,2021-03-12
684,Heather,Smith,nmontoya@example.com,411-289-3940x65578,Lake Ashleyview,Congo,2022-04-25
685,Eric,Mclaughlin,jamesclark@example.org,470-373-9201x3546,South Nicholas,Chile,2021-05-06
686,Amanda,Cohen,wrodriguez@example.org,712.961.6324,Port Wendy,Martinique,2021-10-01
687,Jason,Cole,cherylnorton@example.com,449-230-3646x87191,Lake Isabella,Zambia,2022-04-27
688,Ann,Foster,brianwhite@example.org,(330)789-8138,West Joseside,Burkina Faso,2022-09-17
689,Bradley,Henry,donaldtyler@example.net,+1-618-729-7168x1572,North Kathytown,Singapore,2022-08-27
690,Andrew,Pacheco,millerfrederick@example.net,+1-491-713-7178x5090,Nicholasville,South Africa,2022-04-30
691,Debbie,Goodwin,erik82@example.net,+1-798-874-7812x24890,Williamschester,Lao People's Democratic Republic,2022-10-29
692,Carol,Smith,nina65@example.net,615-584-8266x91362,Miketon,Haiti,2021-01-20
693,George,Ray,tranbenjamin@example.com,7632369987,East Caleb,Ethiopia,2021-08-15
694,Sarah,Grimes,mary18@example.net,001-304-842-8773x8363,Johnland,Cambodia,2022-08-08
695,Christine,Phillips,aimeebrewer@example.net,001-346-642-0362x5863,Christopherton,Swaziland,2022-05-23
696,Sonia,Welch,michaelchristensen@example.com,5262355824,South Nicholaschester,Somalia,2021-10-12
697,Kelly,Johnston,ingramjessica@example.com,288.782.4527,West Gloriaton,Timor-Leste,2021-07-23
698,James,Robinson,james84@example.net,216-532-1119x78718,New Christopher,Philippines,2021-08-01
699,Jay,Sullivan,yvonne06@example.org,001-211-298-7561x7868,East Lori,Sudan,2021-05-25
700,Daniel,Osborne,dunnmary@example.net,3368577449,New Erinfurt,Heard Island and McDonald Islands,2021-01-22
701,Michael,Blackwell,collinschad@example.org,494.818.4336x87509,East Lisa,Cayman Islands,2022-03-21
702,Catherine,Wagner,allenjoshua@example.com,(511)940-4288x60505,Pattersonton,Maldives,2022-11-18
703,Darren,Anderson,mcmillansherry@example.org,335.466.9106x27153,West Priscilla,Guinea-Bissau,2022-05-21
704,Russell,Pierce,farmstrong@example.net,268.929.3844x0134,West Kenneth,Lesotho,2021-02-07
705,Roberta,Doyle,ricklewis@example.net,(391)601-5709x085,Audreytown,Rwanda,2022-09-22
706,Victoria,Aguilar,richardharper@example.net,+1-669-496-4899x718,Bethshire,Egypt,2022-12-27
707,Annette,Phillips,ashley32@example.org,223-842-6698,New Thomasfurt,Northern Mariana Islands,2021-04-18
708,Kathryn,Compton,maygordon@example.org,283-689-3595x3828,West Susanville,Cambodia,2021-03-27
709,Ashley,Hamilton,dunnmelinda@example.org,(895)382-6418x6965,North Anna,Sudan,2022-10-20
710,Emily,Jennings,katieaguirre@example.com,001-551-643-4682,Connieton,Timor-Leste,2021-11-07
711,Susan,Mendoza,aaroncontreras@example.net,(796)261-0168x31139,North Nicholaston,New Zealand,2021-01-22
712,Christopher,Soto,hodgemanuel@example.com,(928)939-7620x53440,Georgefurt,Central African Republic,2022-04-18
713,Sherri,Mcclure,ahines@example.net,(892)250-8177,New Holly,Netherlands,2021-02-12
714,Kimberly,Johnson,carlos33@example.org,331.925.5235x617,East Melissaburgh,Philippines,2021-02-18
715,Carrie,Smith,robinsonrobert@example.net,+1-652-677-8956x13371,Brittanyburgh,Tonga,2021-03-16
716,Brandon,Lin,william16@example.com,903-473-4167x8127,North Alexis,Central African Republic,2022-02-26
717,Natalie,Shannon,curtislee@example.net,(429)785-7973x63831,Johnsonbury,Montserrat,2022-04-11
718,Susan,Johnson,hpowell@example.com,406.373.6820x5068,East Jeffrey,Guernsey,2022-07-01
719,Erik,Gay,alexis58@example.com,446-792-1821,Novakton,Moldova,2021-08-28
720,Kendra,Adams,ihanson@example.com,+1-802-620-5093,Deborahport,Turkmenistan,2022-03-07
721,Meghan,Lynch,hollandjustin@example.com,+1-888-970-7152x3867,New Kayla,Palestinian Territory,2022-03-18
722,Sarah,Hayes,ndeleon@example.org,001-977-498-7682x9968,West Zachary,Congo,2021-05-17
723,Kara,Gibbs,erin06@example.net,(735)904-0566,North Emilyburgh,Fiji,2021-12-27
724,Gregory,Francis,joseph28@example.com,696.832.5942x328,Port Shelia,Mayotte,2022-10-18
725,Sandra,Michael,richard41@example.net,+1-552-585-7256x29269,Alyssastad,Bosnia and Herzegovina,2022-12-02
726,Victoria,Wagner,bwood@example.net,284.568.5095x7443,Courtneyville,Turkey,2021-06-12
727,William,Ray,sloancarol@example.org,7385593401,Parkermouth,French Polynesia,2022-05-08
728,Mark,Murphy,robinsonglenn@example.net,267.281.3675,Stephanieberg,Qatar,2021-11-27
729,Leah,Campbell,johnsonmichael@example.com,(698)719-8780x9270,East Megan,Malta,2022-09-23
730,Katie,Morales,savannahgrant@example.com,(705)798-6787x44227,Ambermouth,Saint Martin,2022-02-11
731,Tamara,Hogan,kristin94@example.org,624.791.1650x20002,New Deborah,Djibouti,2022-03-05
732,Joel,Day,lloydmiranda@example.org,405.357.0836,Kevinhaven,Malta,2021-02-23
733,Paul,Harvey,sthomas@example.org,(377)546-2025x82543,Lake Amy,Suriname,2022-03-26
734,Dennis,Huff,jamesthomas@example.net,5498106018,Tracyborough,Saint Barthelemy,2021-03-19
735,Michael,Patel,tpowell@example.org,+1-872-425-7754x58472,West Douglasland,Malawi,2022-02-07
736,Melissa,Harmon,jyoder@example.org,001-516-908-2717x2173,New Diana,Colombia,2022-08-19
737,Sara,Nguyen,ericmoses@example.net,562.416.5914,East Mark,Haiti,2022-11-29
738,John,Lane,lukecase@example.com,(617)977-3264x30954,East Patriciashire,Kazakhstan,2022-05-28
739,Ashley,Alexander,brianwright@example.net,487.413.7529x883,Port Emmaville,Burkina Faso,2021-01-02
740,Randy,Gibbs,kelleyglen@example.org,787-797-8889x753,East Dana,India,2022-08-02
741,Lauren,Nielsen,harrisjoshua@example.com,761.499.5171,Port Jessica,United Arab Emirates,2022-11-05
742,Clayton,Maxwell,kimberlyblair@example.net,001-250-814-3748x3093,Millershire,Luxembourg,2022-11-08
743,Tammy,Thomas,schultzjessica@example.org,321.376.7201,South Richardberg,United States Minor Outlying Islands,2021-03-09
744,David,Griffith,vtaylor@example.net,001-787-533-9304x9366,Lake Haroldport,Singapore,2021-05-12
745,Edward,Glover,craigmitchell@example.net,+1-268-525-0952x29462,Virginiastad,Saint Helena,2022-01-15
746,Krystal,Cochran,trujillojason@example.net,001-995-329-7013,West James,Vietnam,2021-10-05
747,Mark,Richardson,kathryn23@example.org,912-502-7061x592,Ramirezburgh,Netherlands Antilles,2021-09-19
748,Scott,Griffith,reynoldsmichelle@example.org,(232)524-8155x42034,North Andrestad,United States of America,2022-03-28
749,Sue,Elliott,yrichardson@example.com,+1-915-379-5546x234,Port Lisa,Kyrgyz Republic,2022-10-22
750,Daniel,Peters,robleswillie@example.org,306.983.1764,South Zachary,Mayotte,2021-11-13
751,Connor,Acosta,seth29@example.org,001-215-907-1380x6713,West Christopher,Australia,2021-01-10
752,Keith,Booker,travis36@example.org,730-909-6258,Warnerview,Luxembourg,2022-08-16
753,David,Smith,yvonnelara@example.org,+1-362-574-6662x159,Lake Melissa,Andorra,2021-01-22
754,Tina,Powell,vgarcia@example.net,001-301-610-7977,North Kaitlynview,Myanmar,2021-01-24
755,Kayla,Arnold,audrey53@example.net,001-915-820-4998x094,Fowlerland,Congo,2021-06-22
756,Scott,Martinez,jreyes@example.net,616-561-2374x0779,Port Grant,Gibraltar,2021-12-04
757,Jason,Barker,brandi19@example.com,2149262037,North Christopher,Azerbaijan,2021-11-15
758,Donna,Hopkins,cody81@example.org,(299)689-8972x117,Port Loriland,Mayotte,2022-09-06
759,Patricia,Torres,eugenemartinez@example.com,283.897.8570x82004,Floresland,Switzerland,2022-11-08
760,Megan,James,evansrichard@example.net,+1-812-987-9429x68827,West Bradleystad,Denmark,2022-09-07
761,Jonathan,Tyler,brodriguez@example.org,983.827.4883x5651,West Danielle,Turks and Caicos Islands,2022-06-05
762,Robert,Bowman,preyes@example.net,496-704-7842x170,South Douglasstad,Mozambique,2022-03-17
763,Margaret,Russell,aaronponce@example.org,986-488-3906x246,Guzmanland,Jamaica,2022-07-09
764,Marissa,Davis,lewismaria@example.net,001-435-592-3613x37605,West Manuelhaven,Bhutan,2021-01-17
765,Kimberly,Graves,michaelblanchard@example.com,824.819.1650x3440,South Karlafort,Ukraine,2021-10-20
766,Julie,Barton,isabelwheeler@example.net,001-680-888-0678x21417,Port Jeremymouth,Nigeria,2022-10-27
767,Ralph,Bennett,amy98@example.net,696.398.7486,Matthewview,Germany,2021-05-15
768,Brandon,Martinez,jenniferfrazier@example.org,+1-875-536-0511x71603,Edwardschester,Russian Federation,2022-08-09
769,Craig,Riley,nathan06@example.com,6004994248,West Samanthafurt,Pitcairn Islands,2022-04-18
770,Kristen,Yang,areynolds@example.org,964-620-4565x77580,Tamiborough,Slovenia,2022-09-23
771,Charlotte,Coleman,melodywood@example.com,(522)265-4016x5995,Lake Sarahchester,Central African Republic,2022-01-05
772,David,Hernandez,sylviayates@example.com,674.362.5916x0112,West Reneehaven,Suriname,2022-09-16
773,Amanda,Holmes,aholder@example.net,4175986778,East Beckystad,Kenya,2022-11-29
774,Phyllis,Galvan,sean64@example.org,+1-561-821-2038x4375,Heatherfurt,Tonga,2022-11-10
775,Brandon,Spencer,miguelbaker@example.net,(742)618-3854,North Emmachester,Equatorial Guinea,2022-07-03
776,Michael,Pearson,jodi31@example.org,(332)974-8979,Santanafurt,Serbia,2021-08-11
777,Elizabeth,Newman,tracyjohnson@example.net,+1-362-817-5080,Port Bobby,Greenland,2021-05-31
778,James,Hughes,markgardner@example.org,993-953-4001x816,Willieland,Tajikistan,2022-06-06
779,Vanessa,Ramirez,sabrina54@example.com,(208)738-5179x93781,Lake Caitlin,Cameroon,2021-11-06
780,Susan,Hunt,morgan69@example.net,001-769-988-2904,Port Timothy,Falkland Islands (Malvinas),2022-01-27
781,Erin,King,benjamindavis@example.net,+1-486-542-4238x397,New Laura,Canada,2022-09-05
782,Tricia,Keller,kjohnson@example.net,428.380.9832,Port Darylburgh,Denmark,2022-12-13
783,Aaron,Brown,ymurray@example.org,3086987610,West Patrick,Bermuda,2021-05-09
784,Samantha,Young,sarah31@example.net,207.246.8235x46951,Lake Kendra,Andorra,2021-07-30
785,Karen,Moon,woodlisa@example.com,001-396-371-5006x6664,Lake Phillipstad,French Southern Territories,2021-11-30
786,Jenna,Padilla,valeriesmith@example.com,+1-251-269-9497,Kendraborough,Jersey,2022-09-25
787,James,Spencer,kferguson@example.net,+1-362-969-7083x868,Harringtonland,Haiti,2021-11-02
788,Leah,Patterson,shawn19@example.com,(409)832-0126x5789,West Tiffanyside,Timor-Leste,2021-01-23
789,Sherry,Merritt,sarah17@example.com,485-317-7741x27469,New Emilyside,Cameroon,2021-01-05
790,Charlotte,Vargas,ryanthompson@example.org,+1-375-789-1704x542,Nathanton,Ghana,2021-07-24
791,William,Smith,davidkane@example.com,6902016356,Jacksonberg,Fiji,2021-11-14
792,Theodore,Thompson,samanthacarr@example.net,300-417-8822x473,Jonesside,Uzbekistan,2022-09-10
793,Kelsey,Smith,brownmichael@example.net,+1-401-819-5092x7115,Lake Nicolestad,Denmark,2022-11-10
794,Michelle,Alexander,jamesjohnson@example.org,(595)400-7418x94854,Gutierrezside,Montserrat,2022-11-22
795,Meredith,Cooper,joshua71@example.com,001-619-782-7348x1310,East Michaelside,Panama,2021-06-05
796,Jeffrey,White,nstafford@example.net,(874)283-5268x064,Westshire,Mexico,2022-03-22
797,Jennifer,King,sarah83@example.net,925-936-4628x0550,Janetfurt,Guyana,2021-06-09
798,Matthew,Miller,kmoore@example.org,001-309-508-5510x7409,North Wendymouth,Slovakia (Slovak Republic),2021-11-24
799,Paul,Burke,thomaslinda@example.net,360.422.0695x354,North Elizabethburgh,Kazakhstan,2022-01-05
800,Kristen,Mccullough,monica00@example.org,(201)951-5325x94795,Bradleyfort,Bolivia,2022-10-19
801,Janet,Richard,dlarson@example.com,001-695-203-1006x493,Lake Phyllis,British Indian Ocean Territory (Chagos Archipelago),2022-07-12
802,Michael,Pace,rosshunter@example.net,001-741-718-4913x59928,West Gina,Guam,2021-01-03
803,Michael,Jones,russelltommy@example.net,8069968018,Bakerbury,Lesotho,2021-04-17
804,Heather,Martinez,eileenhudson@example.com,295-530-0677x6255,Lake Michael,Algeria,2022-01-01
805,Jason,Gray,david62@example.com,478-542-9029,West Mark,Bhutan,2021-02-23
806,Jo,Johnson,daypatricia@example.net,5532088684,North Christopher,India,2021-02-20
807,Laura,Jensen,campbellerika@example.com,498-887-5921x29964,East Stephaniebury,Italy,2021-11-20
808,Nicole,Salinas,stephengomez@example.org,347-370-9207,Meaganbury,Rwanda,2022-05-05
809,Adam,Lopez,coreypope@example.net,+1-321-358-1897x05916,Lewisstad,Grenada,2022-07-03
810,Christopher,Chapman,ashley77@example.org,001-516-388-0053x789,Franklinberg,Malawi,2022-02-06
811,Timothy,Jackson,martin40@example.net,582-627-2002,Lake Sara,Denmark,2022-10-25
812,Sonia,Brown,ramireztony@example.com,+1-232-481-1659x9302,Lake Jaredton,Falkland Islands (Malvinas),2021-04-09
813,Heather,Robinson,davidgonzales@example.com,(813)753-0281,South Jonborough,Afghanistan,2022-11-15
814,Mallory,Cooper,sarahgonzales@example.com,(369)819-8321x029,South Kennethton,Tokelau,2022-05-13
815,Brandi,Sosa,davidglover@example.com,384.519.6622,South Tommyhaven,Azerbaijan,2022-11-20
816,Angela,Richardson,zskinner@example.com,001-606-636-2198x65504,Dianamouth,Jersey,2021-09-25
817,James,Torres,jenniferbradley@example.com,8494627322,Maciasville,Benin,2021-10-13
818,Dylan,Robinson,vwade@example.com,+1-385-842-1880x8799,Lake John,Georgia,2021-08-04
819,Jennifer,Barrett,mbaker@example.net,532-247-2505x83334,North Christian,Syrian Arab Republic,2022-10-24
820,Elizabeth,Porter,brooksjennifer@example.com,769.547.5769x453,Woodfort,Togo,2021-09-24
821,Paul,Chandler,erivers@example.com,242.712.5450,Williammouth,Colombia,2021-07-17
822,Caitlin,Morris,barbara64@example.com,(313)607-4235,South David,Suriname,2022-07-09
823,Whitney,Mckay,johnmerritt@example.com,545-943-0796,North Susan,Pitcairn Islands,2021-07-28
824,Anthony,Brewer,simpsonalyssa@example.com,(621)715-8718,East Michael,Palestinian Territory,2022-10-21
825,Paula,Hamilton,rgreen@example.net,+1-970-917-3208x65237,New Russell,Pitcairn Islands,2021-07-23
826,Jacob,Mcdonald,ramirezbryan@example.org,001-952-478-1055x80002,North Kyle,Ghana,2021-08-25
827,Melanie,Lee,tjohnson@example.org,001-513-368-1720,South Cindy,Guernsey,2021-12-04
828,April,Myers,burkejacob@example.net,+1-973-552-5953x3222,New Carrie,China,2022-06-01
829,Michael,Wells,kimberlyperez@example.org,(461)885-0761x08708,Frenchville,Serbia,2021-01-02
830,Eric,Nash,ajohnson@example.com,426-315-8388,Wadechester,Uzbekistan,2022-01-04
831,Jose,Villarreal,umendoza@example.com,001-642-423-3222x80194,Annshire,Cape Verde,2022-05-31
832,Elizabeth,Jennings,gregorymullen@example.com,5629953506,North Melissa,Brazil,2022-06-07
833,Joseph,Sutton,phill@example.org,453.884.1852x0136,New Kristenfurt,Denmark,2022-01-23
834,Jennifer,Sandoval,ubrown@example.com,305.354.9121x5164,Markview,Andorra,2022-02-21
835,Ellen,Johnston,nvargas@example.net,478-275-2070x20426,New Michellefort,Bhutan,2022-02-20
836,Dorothy,Hernandez,everettashley@example.net,(496)878-9760x98731,Barrybury,Belgium,2021-04-10
837,Traci,Lopez,rpearson@example.org,659.588.9786x533,New Christopherfurt,Greenland,2022-08-05
838,Anthony,Hunt,hunter12@example.org,(619)615-0576,Marshport,Lesotho,2021-08-14
839,Brendan,Taylor,tfoster@example.net,+1-767-864-9797x41636,West Michaelaton,Angola,2021-01-06
840,Michael,Hale,lgonzalez@example.net,(849)569-2771x1952,Jamiestad,Nauru,2021-10-24
841,Alan,Richardson,martinevan@example.com,+1-836-743-1594x89895,Robertchester,Egypt,2021-12-06
842,Mark,Green,julie44@example.org,991-669-9939x3449,New Nicole,Turkey,2021-08-06
843,Andre,Blake,dustinwilliams@example.com,362.297.3988x94132,Andersonburgh,Brazil,2021-10-26
844,Kathleen,Mendoza,rachel85@example.org,665-857-9220x3004,Patrickland,Cameroon,2022-09-20
845,Jeffrey,Brown,thomasjo@example.com,821-537-5658,Brandifort,Afghanistan,2022-06-12
846,Russell,Drake,sherylgreen@example.com,+1-343-545-6631,Brandonborough,French Polynesia,2022-02-09
847,James,Russell,arthurwright@example.com,842.846.3104x379,North Andreamouth,Russian Federation,2022-10-11
848,Donald,Dalton,dmullins@example.org,+1-217-474-1743x0435,New Laura,Syrian Arab Republic,2022-06-01
849,Brandon,Martin,robert52@example.com,001-752-833-2829x30202,East Jamestown,Denmark,2021-09-25
850,James,Ortiz,sjones@example.org,+1-267-450-7627x99553,Darleneborough,Azerbaijan,2021-01-17
851,Rebecca,Kent,lisa23@example.org,242.302.8471,Robbinsburgh,Panama,2021-02-27
852,Kelly,Ibarra,gonzalesnatasha@example.com,487-617-7546x199,South Michaelside,Denmark,2022-08-05
853,Samantha,Moore,vfuller@example.net,822-659-0956,Robinberg,Yemen,2022-01-27
854,John,Lopez,bauercory@example.org,801-287-8035,South Melissafort,French Guiana,2021-06-30
855,Lauren,Cantu,michaelmatthews@example.net,+1-945-829-5171x222,Johnside,Korea,2022-05-21
856,Andrew,Vincent,drewbennett@example.com,+1-954-296-3308x33444,Waynehaven,Luxembourg,2021-05-13
857,Betty,Rivera,steven20@example.com,+1-468-851-9537x749,Waltersborough,Cayman Islands,2022-01-06
858,Carla,Stewart,josephchavez@example.com,352.425.9206x1658,North Destiny,Montserrat,2022-11-22
859,Eric,Watkins,jonessandra@example.com,802.595.5963,Barnettberg,Oman,2022-06-13
860,Margaret,Sharp,bradbennett@example.com,+1-249-680-8513x31380,Lake Melissa,Bahrain,2021-10-25
861,Christopher,Jefferson,herringgerald@example.org,(848)615-8268x687,North Kathrynville,Marshall Islands,2022-08-20
862,Angela,Brown,vanessa20@example.org,(829)687-7873x5856,Curryville,Nepal,2021-08-27
863,David,Phillips,danielthomas@example.com,(621)432-0410,Amandaville,Finland,2021-11-14
864,Sharon,Stark,davismichelle@example.com,(369)499-9498,North Jill,Angola,2022-06-19
865,Nancy,Henderson,mclaughlinjulie@example.net,8005532853,North Marcton,Greece,2021-02-11
866,Joseph,Mercado,andreasmith@example.com,+1-926-892-9900,Martinmouth,Saudi Arabia,2022-08-14
867,John,Perez,nicolemason@example.com,+1-333-576-1851x86267,Arnoldville,Afghanistan,2021-11-14
868,James,Beck,jamesperez@example.net,(318)983-5279,Jeanettetown,Iraq,2022-12-11
869,Timothy,Cruz,hendersoncrystal@example.com,001-420-988-1431,Huberville,Kuwait,2022-11-26
870,Heather,Gomez,iriley@example.net,884.757.2026,Fergusonburgh,New Zealand,2022-11-01
871,Bailey,Davis,shane49@example.net,001-292-955-3946,Oliviashire,Tokelau,2022-09-27
872,Sean,Burton,kathyjenkins@example.net,617-999-6708x0897,Angieshire,Finland,2022-03-20
873,Charles,Hicks,daniel73@example.com,285.636.9881x649,Leslieburgh,Panama,2021-10-23
874,Linda,Liu,tammie10@example.org,(627)606-6489x0082,Abigailbury,Afghanistan,2022-04-12
875,Amber,Peters,riverakevin@example.net,+1-839-597-4185,East Saramouth,Solomon Islands,2022-02-10
876,Alexander,Smith,frazierjennifer@example.net,(519)995-3056x4184,Ryanshire,Austria,2021-09-28
877,Timothy,Le,valdezalyssa@example.org,(400)213-6510x34444,Webbmouth,Zimbabwe,2022-01-02
878,Rachel,Morales,fred06@example.org,001-421-355-9967x25622,West Joeport,Kazakhstan,2021-11-04
879,Jonathan,Parker,storres@example.net,959-339-6521x38350,West Mason,Guernsey,2022-08-02
880,Gabriel,Poole,smithjohn@example.org,+1-521-717-3277x26488,Jennifermouth,Micronesia,2021-06-09
881,Henry,Barnett,erinreed@example.net,216-218-5759x17105,Kyleland,Eritrea,2021-08-25
882,Kyle,Ruiz,danielle52@example.com,684.617.1594x973,North Mathew,Liechtenstein,2021-11-23
883,Anthony,Lee,robertrusso@example.org,001-433-389-2608x788,Laurafort,Mayotte,2022-01-08
884,Alec,Wilcox,rwhite@example.org,321-774-6535x37801,Jenningsborough,French Guiana,2021-12-13
885,Patrick,Miller,yramos@example.org,001-669-814-3362,Greenmouth,Austria,2021-07-23
886,Barbara,Tyler,rodriguezamanda@example.net,673-690-8352x11896,Lake Kenneth,Falkland Islands (Malvinas),2022-03-21
887,Xavier,Black,caguilar@example.org,+1-357-259-5828,East Charles,Samoa,2022-06-21
888,Jessica,Lynch,wilkinskevin@example.net,697.617.0598,Lisaview,South Africa,2022-03-02
889,Ronald,Hodges,alexandramyers@example.net,812-330-3885,New Johnfort,Syrian Arab Republic,2022-11-07
890,Joshua,Hendricks,clayandrew@example.net,+1-592-517-7905x52866,Christophermouth,Samoa,2022-01-28
891,Karen,Webster,awoodward@example.net,432-960-1193x91038,Dennismouth,Guernsey,2022-01-03
892,Jennifer,Williams,vaughnmark@example.net,581-904-5024,South Chad,Guam,2021-03-30
893,Laura,Schmidt,nicholasmorales@example.com,735-589-6933,Lake Adrianmouth,Mayotte,2022-11-11
894,Morgan,Potter,odavis@example.com,731.356.6397x925,South Kellyfurt,Zimbabwe,2021-08-23
895,Brad,Anderson,thomaswhite@example.org,(689)466-6053,South Lindsayview,Bangladesh,2022-05-10
896,Felicia,Jones,hansonheather@example.com,+1-235-484-6405x1038,Bairdtown,Estonia,2022-08-19
897,Robert,Henderson,bakerjonathon@example.com,218.893.9530x969,Moralestown,Montenegro,2021-04-15
898,William,Gallagher,sheena87@example.com,851-335-8727x17430,Port Patrickview,Singapore,2021-05-07
899,Maria,Harris,brittanywolf@example.org,973.287.7583x33647,Clintontown,Netherlands,2022-06-10
900,Robin,Mcmahon,james60@example.org,+1-326-425-4204,North Cheryl,Saint Kitts and Nevis,2021-01-10
901,Shannon,Anderson,katherine10@example.org,001-379-241-9324x538,Kleinport,Bolivia,2022-04-21
902,Sandra,Thomas,amy70@example.net,001-987-626-4963x2251,East Keith,Estonia,2022-11-28
903,Heather,Nunez,robertrodriguez@example.net,5032468616,Smithside,Iran,2022-08-30
904,Denise,Brown,kimberlyjohnson@example.com,001-736-962-1953x68900,Jacobstown,Bahamas,2021-11-24
905,John,Cook,johnsonsteven@example.net,213.907.2211x386,Lake Peterberg,Colombia,2021-03-11
906,Linda,King,julia17@example.org,001-528-817-0744,East Mandyport,French Polynesia,2021-03-29
907,Sarah,Anderson,douglas60@example.org,823-294-1209x44772,Lake Ian,Norway,2022-09-17
908,Leslie,Walker,thomasmiller@example.com,+1-848-202-4559x851,North Daniel,Papua New Guinea,2022-04-01
909,Stephanie,Herrera,jacksonrussell@example.com,001-849-286-4786x86237,New Aliciaport,Korea,2021-03-22
910,William,Hall,daviladaniel@example.org,549.892.1640x0698,Port James,Greece,2021-07-08
911,Joshua,Adams,cnelson@example.net,(413)498-6546,East Cameronburgh,Cook Islands,2022-12-16
912,Travis,Mcmillan,michellehoward@example.com,8335000088,Juliafurt,Korea,2022-06-26
913,Daniel,Smith,martinezdavid@example.org,5919692327,Singhton,Iceland,2021-06-24
914,Laura,Rogers,bendermichelle@example.net,(874)363-0009x98433,Lake Marymouth,Belize,2021-01-07
915,Alexandra,Miller,batesangela@example.com,001-345-782-9420x340,West Kathryn,Fiji,2022-11-09
916,Anthony,Morris,justin46@example.com,420.410.8240x281,New Sean,Uzbekistan,2021-10-28
917,Tammy,Hernandez,htaylor@example.com,717.945.2735x36423,North Kennethburgh,Niger,2022-07-14
918,Kelsey,Clements,daniel16@example.org,+1-425-559-0461x0079,West Ronaldtown,Austria,2021-03-11
919,Anna,Boyd,fmiller@example.net,001-723-229-6151x2048,Mosschester,Sao Tome and Principe,2021-03-04
920,Stephanie,Ingram,larry04@example.net,(327)763-4601,North Michael,Saint Helena,2021-08-25
921,Connie,Harris,travis24@example.org,(986)417-6822x512,Chaveztown,Malawi,2022-06-27
922,Robert,Lamb,sarah62@example.org,919-376-8784x947,New Brian,Cote d'Ivoire,2021-10-13
923,Benjamin,Proctor,drakekevin@example.net,442.323.5434x0466,North Matthew,Northern Mariana Islands,2021-09-21
924,Johnny,Rodgers,frank49@example.org,5643411197,South John,Togo,2021-11-12
925,Jesus,Perez,vincent82@example.net,888-649-6806,West Melanieville,Aruba,2022-05-03
926,Eugene,Humphrey,james41@example.net,(830)216-0498,South Douglas,Rwanda,2021-05-13
927,Monica,Cruz,harrisbryan@example.net,319.378.9990,Antoniotown,Cote d'Ivoire,2022-06-17
928,Sharon,Li,danielvaughn@example.net,797-286-0162,Coreyport,Tanzania,2021-08-06
929,Steven,Warren,samantha11@example.org,953.258.2107x288,Taylormouth,Netherlands Antilles,2022-12-15
930,Jennifer,Mcdonald,brodriguez@example.net,001-981-997-2239x964,New Jamesmouth,Taiwan,2022-07-09
931,Seth,Barnes,yoderadam@example.com,+1-408-655-7800,Jamesberg,Croatia,2021-06-15
932,Tamara,Martin,myersbenjamin@example.com,+1-368-857-4670x675,East Belindastad,Qatar,2022-10-01
933,Natalie,Thomas,brian16@example.com,(261)607-0335,West Melinda,Reunion,2022-06-30
934,Daniel,Medina,beckyroberts@example.com,413.300.4169x10530,Rhondafurt,Lebanon,2022-06-30
935,Kathryn,Klein,zwolfe@example.net,239.753.4811,Port Davidview,United States Minor Outlying Islands,2022-06-09
936,Jordan,Chaney,zwagner@example.net,(715)373-8551x28177,East Brittany,Serbia,2021-12-30
937,William,Peterson,eric09@example.com,(636)802-4465,Mcdonaldton,Guinea-Bissau,2022-02-15
938,Cristian,Murray,serranosteven@example.com,(247)483-7031x7543,Phillipsland,Tajikistan,2021-02-17
939,Melanie,Thornton,patrickmartin@example.org,846-686-2728x84076,North Sean,Uganda,2021-08-08
940,Jamie,Mendoza,heathjasmine@example.com,586.876.2592,Lawsonchester,Ukraine,2021-10-03
941,Anthony,Baker,ogarza@example.org,4559340508,New Robert,Belize,2022-05-05
942,Mark,Nash,xlynn@example.org,435-867-0789x77554,New Janettown,Dominican Republic,2022-11-29
943,Alison,Thomas,thomasdalton@example.net,(373)320-2227,Port Stevenstad,Pakistan,2022-08-29
944,Ronald,Martinez,krodriguez@example.org,001-242-798-5144x86983,North Mary,Zimbabwe,2022-10-09
945,Jared,Gates,jacobroach@example.net,(298)301-4264x71068,Marshalltown,Uruguay,2022-02-26
946,Whitney,Ross,seanosborne@example.com,+1-500-349-3326x72446,Mooreview,Slovenia,2021-06-07
947,Tiffany,Moon,fernandezsusan@example.org,001-565-540-2599x8519,South Jaclyn,Senegal,2021-11-20
948,Amber,Miller,shortjeffrey@example.net,8497602667,South Michelle,Micronesia,2021-12-26
949,Michael,Harris,vbaker@example.net,001-250-870-8864,Chaneychester,Tanzania,2022-04-15
950,Gene,Gardner,cunninghammegan@example.org,+1-202-521-5439x044,East Michael,Congo,2022-09-27
951,Glenn,Bernard,michaelwilliams@example.com,+1-655-501-9354x5036,Port Kimberly,Congo,2021-06-30
952,Kelly,Sanchez,brittanyanderson@example.net,3594831244,South Kimberlyfurt,Germany,2022-09-30
953,Cheryl,Mendez,wilsonjohn@example.com,(431)677-4954x2106,New Jamesmouth,Guam,2022-10-24
954,Laura,Willis,randalljones@example.org,775-436-2647,Kingville,Ukraine,2022-03-30
955,Jacqueline,Zamora,zmartinez@example.org,6092928452,East Janet,Bahrain,2022-10-23
956,Jerry,Rivera,stewartjoseph@example.net,001-621-991-4308x77972,West Heather,El Salvador,2021-09-15
957,Eric,Davis,jeanking@example.net,581-592-0487x70676,Port George,Namibia,2022-09-19
958,Russell,Davis,martintanner@example.net,+1-746-840-8585x88382,Taylorburgh,Andorra,2022-12-20
959,Joseph,Olson,michaelbradshaw@example.net,451-796-2822x25018,Jacksonport,Kiribati,2022-06-24
960,Robert,Chapman,nicole01@example.org,(234)214-9929,Fostermouth,Armenia,2021-05-06
961,Raymond,Baker,maria09@example.com,(532)517-4003x91019,Kathrynside,Niger,2021-04-08
962,Ethan,Huff,millerbrittany@example.com,7068082770,Ricardochester,Switzerland,2021-05-10
963,Thomas,Graham,peterrobinson@example.net,001-350-909-5372x346,Hopkinsbury,Peru,2022-09-05
964,Tonya,Mercado,pwilson@example.net,341-564-2316x544,Whitefort,Palestinian Territory,2021-03-23
965,Alexandra,Woods,wshannon@example.org,(334)994-2904x61755,North Maryfort,Niger,2022-10-15
966,Jacob,Evans,blakejackson@example.net,674.744.1723,Normanborough,Macao,2022-03-25
967,Ashley,West,martinmorgan@example.net,(836)626-8904x723,Lake Alexandertown,Nepal,2022-08-24
968,Vincent,Rogers,timothy42@example.org,(643)859-9009x3781,West Tracychester,Saint Pierre and Miquelon,2021-09-05
969,Jeffrey,Wagner,joshua70@example.com,001-861-387-5646x7263,Donnaland,Maldives,2021-03-10
970,Zachary,Lynch,maysedward@example.com,001-229-610-8450x786,West Robert,Turkmenistan,2021-09-29
971,Matthew,Johnson,seanmelendez@example.net,433.406.7730x67182,Jenkinsfort,United States Minor Outlying Islands,2021-11-09
972,Juan,Miller,wiseshannon@example.net,665.438.5906x73963,Archertown,Saint Vincent and the Grenadines,2022-02-23
973,Lauren,Little,anthonydana@example.net,(821)970-4861,South Peterburgh,Taiwan,2022-09-08
974,Chad,Hines,wellssherry@example.net,001-328-491-9827,Parkborough,Sierra Leone,2021-02-14
975,Steven,Ellis,fergusonlynn@example.com,+1-342-569-4203x983,Kevintown,Bouvet Island (Bouvetoya),2022-08-10
976,Kimberly,Bishop,ycole@example.net,(619)458-7305,Jessehaven,Samoa,2021-07-25
977,Donna,Sanchez,terrykirsten@example.net,+1-717-281-6780x66431,South Debraview,Turkmenistan,2022-07-20
978,Samantha,Barrett,murphyjames@example.com,001-201-370-9264x07030,Mooreberg,Marshall Islands,2022-07-18
979,Sonya,Pierce,marissa85@example.org,+1-807-228-8959x27411,Gilesville,Saint Helena,2021-05-01
980,Patricia,Garrison,laurensullivan@example.org,9802820391,South James,United Arab Emirates,2022-03-14
981,Juan,Robinson,lmccoy@example.net,758-570-1204x242,Carlsonshire,Bermuda,2022-10-06
982,Eric,Walker,john28@example.com,001-476-603-9670,South Lucas,Tanzania,2022-11-16
983,Hannah,Williams,jeffrey64@example.net,001-718-975-4036x48821,Wrightstad,Falkland Islands (Malvinas),2022-07-12
984,Ricardo,Hernandez,susanhall@example.org,(667)999-8649x1259,East Kaitlyn,Zambia,2022-11-16
985,Cassidy,Hughes,susanelliott@example.org,4665617996,Nicholasshire,United States of America,2021-07-07
986,Carolyn,Nicholson,jasonwalton@example.net,368.587.7792x5604,Aliciaton,Mali,2022-10-11
987,Lindsey,Woodard,codygonzalez@example.net,001-239-912-2600x0144,Thomasland,Zimbabwe,2022-11-22
988,Joyce,Stanley,harrelljessica@example.net,734-410-3897,Andersonshire,New Zealand,2022-08-01
989,Deanna,Wall,vphillips@example.net,001-524-205-9208x235,Holderchester,New Caledonia,2022-01-29
990,Curtis,Harding,kmartinez@example.net,5562820175,Gilbertchester,Bolivia,2022-11-19
991,Ryan,Cook,whernandez@example.net,001-540-943-4741x2531,Melissaville,American Samoa,2022-11-14
992,Tracy,Gonzalez,charlesewing@example.com,3365192025,Leemouth,Armenia,2021-02-07
993,Jessica,Patrick,joshua74@example.net,+1-304-276-0786x235,Gutierrezland,Slovakia (Slovak Republic),2021-05-19
994,Charles,Ruiz,maddenhailey@example.com,773-828-9514,West Benjamin,Suriname,2022-07-06
995,Laura,Hicks,michael11@example.com,944.296.5391x607,West Alexbury,Uganda,2021-02-23
996,Alexander,Collins,david40@example.org,+1-282-521-8039x662,Roseside,Micronesia,2022-08-28
997,Stacy,Fuller,kelleramanda@example.org,(865)529-5164,Lake Joel,Saint Helena,2021-10-19
998,James,Cantu,bevans@example.net,306.670.8987x09201,North Christopher,Pitcairn Islands,2021-11-01
999,Dustin,Price,davisamanda@example.net,980-452-6321x19604,North Lawrence,Netherlands Antilles,2022-09-17
1000,Erika,Alvarez,michael44@example.com,001-708-523-1714x6199,Robertfort,Spain,2022-10-22
